doc_id,fern_file,cur_full_url,old_url,action,category,status,original_file,deleted_file,added_commit,added_date,added_message,deleted_commit,deleted_date,deleted_message,error
9154c656-935a-43ba-b30a-d6e1a7c0222b,compatibility-api/pages/sdks/methods/overview.mdx,,/compatibility-api/api-reference/rest-client-sdks/methods,redirect,slug_changed,deleted,fern/products/compatibility-api/pages/sdks/methods/overview.mdx,fern/products/compatibility-api/pages/sdks/methods/overview.mdx,678974439a5a,2026-02-16 20:03:05 +0000,add `id` UUIDs to every page's frontmatter,20444c57291c,2026-02-24 18:03:01 -0500,delete useless methods overview doc,
191bb414-d758-490d-9c38-7abdf10f3ec4,platform/pages/calling/ai/get-started/_ai-swml-get-started.mdx,,/platform/calling/ai/get-started/_ai-swml-get-started,redirect,known_deleted,deleted,fern/products/platform/pages/calling/ai/get-started/_ai-swml-get-started.mdx,fern/products/platform/pages/calling/ai/get-started/_ai-swml-get-started.mdx,678974439a5a,2026-02-16 20:03:05 +0000,add `id` UUIDs to every page's frontmatter,d7ec372d7407,2026-02-23 15:14:07 +0000,"Reorganize Platform docs: new AI tab, content consolidation, cross-product moves",
0d26392b-1155-4aa7-917b-9433cbde429b,platform/pages/calling/ai/get-started/getting-started-with-swaig/_index.mdx,,/platform/calling/ai/get-started/getting-started-with-swaig/_index,redirect,known_deleted,deleted,fern/products/platform/pages/calling/ai/get-started/getting-started-with-swaig/_index.mdx,fern/products/platform/pages/calling/ai/get-started/getting-started-with-swaig/_index.mdx,678974439a5a,2026-02-16 20:03:05 +0000,add `id` UUIDs to every page's frontmatter,d7ec372d7407,2026-02-23 15:14:07 +0000,"Reorganize Platform docs: new AI tab, content consolidation, cross-product moves",
c836f85c-b0b9-450a-b190-29240dfa3024,platform/pages/platform/phone-numbers/guides/status-callbacks/10dlc-tcr-status-callbacks.mdx,,/platform/phone-numbers/guides/status-callbacks/10dlc-tcr-status-callbacks,redirect,known_deleted,deleted,fern/products/platform/pages/platform/phone-numbers/guides/status-callbacks/10dlc-tcr-status-callbacks.mdx,fern/products/platform/pages/platform/phone-numbers/status-callbacks/10dlc-tcr-status-callbacks.mdx,678974439a5a,2026-02-16 20:03:05 +0000,add `id` UUIDs to every page's frontmatter,0614fc596015,2026-02-23 20:42:50 +0000,"Continue platform reorg: page moves, deletions, sidebar cleanup",
34708ec3-5b24-4c5c-bcb4-f9e972a56cd4,platform/pages/platform/phone-numbers/guides/status-callbacks/inbound-calls-status-callbacks.mdx,,/platform/phone-numbers/guides/status-callbacks/inbound-calls-status-callbacks,redirect,known_deleted,deleted,fern/products/platform/pages/platform/phone-numbers/guides/status-callbacks/inbound-calls-status-callbacks.mdx,fern/products/platform/pages/platform/phone-numbers/status-callbacks/inbound-calls-status-callbacks.mdx,678974439a5a,2026-02-16 20:03:05 +0000,add `id` UUIDs to every page's frontmatter,0614fc596015,2026-02-23 20:42:50 +0000,"Continue platform reorg: page moves, deletions, sidebar cleanup",
a23699bb-3d5d-41df-8fe4-6ac5f0042aac,platform/pages/platform/phone-numbers/guides/status-callbacks/overview.mdx,,/platform/phone-numbers/guides/status-callbacks/overview,redirect,known_deleted,deleted,fern/products/platform/pages/platform/phone-numbers/guides/status-callbacks/overview.mdx,fern/products/platform/pages/platform/phone-numbers/status-callbacks/overview.mdx,678974439a5a,2026-02-16 20:03:05 +0000,add `id` UUIDs to every page's frontmatter,0614fc596015,2026-02-23 20:42:50 +0000,"Continue platform reorg: page moves, deletions, sidebar cleanup",
6f1523f4-f047-42ab-ba81-73d31c1d2001,platform/pages/platform/phone-numbers/guides/status-callbacks/recording-status-callbacks.mdx,,/platform/phone-numbers/guides/status-callbacks/recording-status-callbacks,redirect,known_deleted,deleted,fern/products/platform/pages/platform/phone-numbers/guides/status-callbacks/recording-status-callbacks.mdx,fern/products/platform/pages/platform/phone-numbers/status-callbacks/recording-status-callbacks.mdx,678974439a5a,2026-02-16 20:03:05 +0000,add `id` UUIDs to every page's frontmatter,0614fc596015,2026-02-23 20:42:50 +0000,"Continue platform reorg: page moves, deletions, sidebar cleanup",
25c63841-fd23-4bc7-91d6-6f1e439eadc8,platform/pages/platform/phone-numbers/guides/status-callbacks/sms-status-callbacks.mdx,,/platform/phone-numbers/guides/status-callbacks/sms-status-callbacks,redirect,known_deleted,deleted,fern/products/platform/pages/platform/phone-numbers/guides/status-callbacks/sms-status-callbacks.mdx,fern/products/platform/pages/platform/phone-numbers/status-callbacks/sms-status-callbacks.mdx,678974439a5a,2026-02-16 20:03:05 +0000,add `id` UUIDs to every page's frontmatter,0614fc596015,2026-02-23 20:42:50 +0000,"Continue platform reorg: page moves, deletions, sidebar cleanup",
9c9ca292-6ed4-40b5-a21b-a250814e7da4,platform/pages/platform/phone-numbers/guides/status-callbacks/transcription-status-callbacks.mdx,,/platform/phone-numbers/guides/status-callbacks/transcription-status-callbacks,redirect,known_deleted,deleted,fern/products/platform/pages/platform/phone-numbers/guides/status-callbacks/transcription-status-callbacks.mdx,fern/products/platform/pages/platform/phone-numbers/status-callbacks/transcription-status-callbacks.mdx,678974439a5a,2026-02-16 20:03:05 +0000,add `id` UUIDs to every page's frontmatter,0614fc596015,2026-02-23 20:42:50 +0000,"Continue platform reorg: page moves, deletions, sidebar cleanup",
e9a4e8f4-6032-4e29-95f4-84daa860780d,platform/pages/platform/phone-numbers/guides/status-callbacks/voice-status-callbacks.mdx,,/platform/phone-numbers/guides/status-callbacks/voice-status-callbacks,redirect,known_deleted,deleted,fern/products/platform/pages/platform/phone-numbers/guides/status-callbacks/voice-status-callbacks.mdx,fern/products/platform/pages/platform/phone-numbers/status-callbacks/voice-status-callbacks.mdx,678974439a5a,2026-02-16 20:03:05 +0000,add `id` UUIDs to every page's frontmatter,0614fc596015,2026-02-23 20:42:50 +0000,"Continue platform reorg: page moves, deletions, sidebar cleanup",
4156c9d6-0257-4a20-8cc8-3f18aa9548e4,platform/pages/calling/video/guides/_react/getting-started-video-api-react/index.mdx,,/platform/calling/video/guides/_react/getting-started-video-api-react,gone,known_deleted,deleted,fern/products/platform/pages/calling/video/guides/_react/getting-started-video-api-react/index.mdx,fern/products/platform/pages/calling/video/guides/_react/getting-started-video-api-react/index.mdx,678974439a5a,2026-02-16 20:03:05 +0000,add `id` UUIDs to every page's frontmatter,d7ec372d7407,2026-02-23 15:14:07 +0000,"Reorganize Platform docs: new AI tab, content consolidation, cross-product moves",
ebb9f6b1-96b9-40a4-8676-6d2390166e40,platform/pages/calling/video/guides/_react/getting-started-video-api-react-native/index.mdx,,/platform/calling/video/guides/_react/getting-started-video-api-react-native,gone,known_deleted,deleted,fern/products/platform/pages/calling/video/guides/_react/getting-started-video-api-react-native/index.mdx,fern/products/platform/pages/calling/video/guides/_react/getting-started-video-api-react-native/index.mdx,678974439a5a,2026-02-16 20:03:05 +0000,add `id` UUIDs to every page's frontmatter,d7ec372d7407,2026-02-23 15:14:07 +0000,"Reorganize Platform docs: new AI tab, content consolidation, cross-product moves",
a975c05c-fccc-4408-a4b8-7bc60a066070,platform/pages/calling/video/guides/_react/using-events-in-react-and-react-native/index.mdx,,/platform/calling/video/guides/_react/using-events-in-react-and-react-native,gone,known_deleted,deleted,fern/products/platform/pages/calling/video/guides/_react/using-events-in-react-and-react-native/index.mdx,fern/products/platform/pages/calling/video/guides/_react/using-events-in-react-and-react-native/index.mdx,678974439a5a,2026-02-16 20:03:05 +0000,add `id` UUIDs to every page's frontmatter,d7ec372d7407,2026-02-23 15:14:07 +0000,"Reorganize Platform docs: new AI tab, content consolidation, cross-product moves",
2d9eba4a-4326-4551-a88a-db37f39034bf,platform/pages/calling/video/guides/_react/using-hooks-to-track-call-state/index.mdx,,/platform/calling/video/guides/_react/using-hooks-to-track-call-state,gone,known_deleted,deleted,fern/products/platform/pages/calling/video/guides/_react/using-hooks-to-track-call-state/index.mdx,fern/products/platform/pages/calling/video/guides/_react/using-hooks-to-track-call-state/index.mdx,678974439a5a,2026-02-16 20:03:05 +0000,add `id` UUIDs to every page's frontmatter,d7ec372d7407,2026-02-23 15:14:07 +0000,"Reorganize Platform docs: new AI tab, content consolidation, cross-product moves",
8837dd2e-90e9-4665-9a00-d2d598405e82,platform/pages/platform/phone-numbers/overview.mdx,,/platform/phone-numbers/overview,gone,known_deleted,deleted,fern/products/platform/pages/platform/phone-numbers/overview.mdx,fern/products/platform/pages/platform/phone-numbers/overview.mdx,678974439a5a,2026-02-16 20:03:05 +0000,add `id` UUIDs to every page's frontmatter,7c1cadc6873f,2026-02-20 20:45:05 +0000,Remove outdated and deprecated platform docs,
2239d00c-a4c6-4e94-acf4-93ba0f5bd26b,platform/pages/calling/ai/guides/Integrations/vapi/index.mdx,/platform/ai/guides/integrations/vapi,/ai/guides/integrations/vapi,redirect,matched_changed,deleted,fern/products/platform/pages/calling/ai/guides/Integrations/vapi/index.mdx,fern/products/platform/pages/ai/guides/Integrations/vapi/index.mdx,678974439a5a,2026-02-16 20:03:05 +0000,add `id` UUIDs to every page's frontmatter,ed9de568878f,2026-02-23 21:17:26 +0000,"Consolidate and trim Platform content: fold pages, delete obsolete docs",
8888949d-c77a-45cf-8929-09274f2d7607,platform/pages/calling/ai/POM/overview.mdx,/agents-sdk/building-agents/prompts-pom,/ai/pom,redirect,matched_changed,deleted,fern/products/platform/pages/calling/ai/POM/overview.mdx,fern/products/platform/pages/ai/POM/overview.mdx,678974439a5a,2026-02-16 20:03:05 +0000,add `id` UUIDs to every page's frontmatter,fc9d4f31df85,2026-02-26 01:39:44 +0000,remove platform > ai > pom,
236f8795-b482-4065-b0c7-325683c60a1e,platform/pages/calling/ai/POM/technical-reference.mdx,/agents-sdk/building-agents/prompts-pom,/ai/pom/technical-reference,redirect,matched_changed,deleted,fern/products/platform/pages/calling/ai/POM/technical-reference.mdx,fern/products/platform/pages/ai/POM/technical-reference.mdx,678974439a5a,2026-02-16 20:03:05 +0000,add `id` UUIDs to every page's frontmatter,fc9d4f31df85,2026-02-26 01:39:44 +0000,remove platform > ai > pom,
4216190f-30d6-4a44-a0fe-9ab9c8c95f56,platform/pages/messaging/chat/chat-faq.mdx,/platform/chat/faq,/chat/faq,redirect,matched_changed,deleted,fern/products/platform/pages/messaging/chat/chat-faq.mdx,fern/products/platform/pages/messaging/chat/chat-faq.mdx,678974439a5a,2026-02-16 20:03:05 +0000,add `id` UUIDs to every page's frontmatter,d7ec372d7407,2026-02-23 15:14:07 +0000,"Reorganize Platform docs: new AI tab, content consolidation, cross-product moves",
5f005d50-66ba-4721-8207-ab4dcd6465d9,platform/pages/messaging/chat/getting-started/chat-first-steps.mdx,/platform/chat/getting-started/chat-first-steps,/chat/getting-started/chat-first-steps,redirect,matched_changed,deleted,fern/products/platform/pages/messaging/chat/getting-started/chat-first-steps.mdx,fern/products/platform/pages/messaging/chat/getting-started/chat-first-steps.mdx,678974439a5a,2026-02-16 20:03:05 +0000,add `id` UUIDs to every page's frontmatter,d7ec372d7407,2026-02-23 15:14:07 +0000,"Reorganize Platform docs: new AI tab, content consolidation, cross-product moves",
a53d6472-9997-4bb4-9459-d3ce369c6158,platform/pages/messaging/chat/getting-started/get-started-with-a-simple-chat-demo/index.mdx,/platform/chat/getting-started/get-started-with-a-simple-chat-demo,/chat/getting-started/get-started-with-a-simple-chat-demo,redirect,matched_changed,deleted,fern/products/platform/pages/messaging/chat/getting-started/get-started-with-a-simple-chat-demo/index.mdx,fern/products/platform/pages/messaging/chat/getting-started/get-started-with-a-simple-chat-demo/index.mdx,678974439a5a,2026-02-16 20:03:05 +0000,add `id` UUIDs to every page's frontmatter,d7ec372d7407,2026-02-23 15:14:07 +0000,"Reorganize Platform docs: new AI tab, content consolidation, cross-product moves",
eb0d1d08-528e-4156-8b74-e1f87563c232,platform/pages/messaging/chat/guides/build-a-react-chat-application/index.mdx,/platform/chat/guides/build-a-react-chat-application,/chat/guides/build-a-react-chat-application,redirect,matched_changed,deleted,fern/products/platform/pages/messaging/chat/guides/build-a-react-chat-application/index.mdx,fern/products/platform/pages/messaging/chat/guides/build-a-react-chat-application/index.mdx,678974439a5a,2026-02-16 20:03:05 +0000,add `id` UUIDs to every page's frontmatter,d7ec372d7407,2026-02-23 15:14:07 +0000,"Reorganize Platform docs: new AI tab, content consolidation, cross-product moves",
fa4f51c1-ff81-4e48-81fc-46208d643e8a,platform/pages/messaging/chat/guides/using-chat-to-send-sms-and-make-calls/index.mdx,/platform/chat/guides/using-chat-to-send-sms-and-make-calls,/chat/guides/using-chat-to-send-sms-and-make-calls,redirect,matched_changed,deleted,fern/products/platform/pages/messaging/chat/guides/using-chat-to-send-sms-and-make-calls/index.mdx,fern/products/platform/pages/messaging/chat/guides/using-chat-to-send-sms-and-make-calls/index.mdx,678974439a5a,2026-02-16 20:03:05 +0000,add `id` UUIDs to every page's frontmatter,d7ec372d7407,2026-02-23 15:14:07 +0000,"Reorganize Platform docs: new AI tab, content consolidation, cross-product moves",
570e317a-f52e-439d-b7f9-18aeb30bee38,platform/pages/calling/fax/getting-started/fax-to-email/index.mdx,/platform/fax/getting-started/fax-to-email,/fax/getting-started/fax-to-email,redirect,matched_changed,deleted,fern/products/platform/pages/calling/fax/getting-started/fax-to-email/index.mdx,fern/products/platform/pages/calling/fax/getting-started/fax-to-email/index.mdx,678974439a5a,2026-02-16 20:03:05 +0000,add `id` UUIDs to every page's frontmatter,d7ec372d7407,2026-02-23 15:14:07 +0000,"Reorganize Platform docs: new AI tab, content consolidation, cross-product moves",
3d165b0e-bdb9-4ae9-a286-11211ac01c76,platform/pages/calling/fax/getting-started/fax-with-retries.mdx,/platform/fax/getting-started/fax-with-retries,/fax/getting-started/fax-with-retries,redirect,matched_changed,deleted,fern/products/platform/pages/calling/fax/getting-started/fax-with-retries.mdx,fern/products/platform/pages/calling/fax/getting-started/fax-with-retries.mdx,678974439a5a,2026-02-16 20:03:05 +0000,add `id` UUIDs to every page's frontmatter,d7ec372d7407,2026-02-23 15:14:07 +0000,"Reorganize Platform docs: new AI tab, content consolidation, cross-product moves",
addb924e-ad22-411b-aa6c-8bbe785f5082,platform/pages/calling/fax/getting-started/filter-faxes-by-number-status-and-date/index.mdx,/platform/fax/getting-started/filter-faxes-by-number-status-and-date,/fax/getting-started/filter-faxes-by-number-status-and-date,redirect,matched_changed,deleted,fern/products/platform/pages/calling/fax/getting-started/filter-faxes-by-number-status-and-date/index.mdx,fern/products/platform/pages/calling/fax/getting-started/filter-faxes-by-number-status-and-date/index.mdx,678974439a5a,2026-02-16 20:03:05 +0000,add `id` UUIDs to every page's frontmatter,d7ec372d7407,2026-02-23 15:14:07 +0000,"Reorganize Platform docs: new AI tab, content consolidation, cross-product moves",
8755e70b-e648-4411-b36a-a3a60b54b0c0,platform/pages/calling/fax/getting-started/list-faxes-to-csv-in-all-languages.mdx,/platform/fax/getting-started/list-faxes-to-csv-in-all-languages,/fax/getting-started/list-faxes-to-csv-in-all-languages,redirect,matched_changed,deleted,fern/products/platform/pages/calling/fax/getting-started/list-faxes-to-csv-in-all-languages.mdx,fern/products/platform/pages/calling/fax/getting-started/list-faxes-to-csv-in-all-languages.mdx,678974439a5a,2026-02-16 20:03:05 +0000,add `id` UUIDs to every page's frontmatter,d7ec372d7407,2026-02-23 15:14:07 +0000,"Reorganize Platform docs: new AI tab, content consolidation, cross-product moves",
2c80f619-e6bb-4a70-acae-0fde7c54707e,platform/pages/messaging/sms/messaging-faq.mdx,/platform/messaging,/messaging/faq,redirect,matched_changed,deleted,fern/products/platform/pages/messaging/sms/messaging-faq.mdx,fern/products/platform/pages/messaging/sms/messaging-faq.mdx,678974439a5a,2026-02-16 20:03:05 +0000,add `id` UUIDs to every page's frontmatter,d7ec372d7407,2026-02-23 15:14:07 +0000,"Reorganize Platform docs: new AI tab, content consolidation, cross-product moves",
21f08232-ba16-4262-831a-0efbd764085e,platform/pages/messaging/sms/the-campaign-registry/faqs/index.mdx,/platform/messaging/getting-started/campaign-registry/faq,/messaging/getting-started/campaign-registry/faq,redirect,matched_changed,deleted,fern/products/platform/pages/messaging/sms/the-campaign-registry/faqs/index.mdx,fern/products/platform/pages/messaging/sms/the-campaign-registry/faqs/index.mdx,678974439a5a,2026-02-16 20:03:05 +0000,add `id` UUIDs to every page's frontmatter,d7ec372d7407,2026-02-23 15:14:07 +0000,"Reorganize Platform docs: new AI tab, content consolidation, cross-product moves",
281eca6a-a89c-4c93-9ea2-828da9ebf083,platform/pages/messaging/sms/the-campaign-registry/pricing/index.mdx,/platform/messaging/getting-started/campaign-registry/pricing,/messaging/getting-started/campaign-registry/pricing,redirect,matched_changed,deleted,fern/products/platform/pages/messaging/sms/the-campaign-registry/pricing/index.mdx,fern/products/platform/pages/messaging/sms/the-campaign-registry/pricing/index.mdx,678974439a5a,2026-02-16 20:03:05 +0000,add `id` UUIDs to every page's frontmatter,d7ec372d7407,2026-02-23 15:14:07 +0000,"Reorganize Platform docs: new AI tab, content consolidation, cross-product moves",
020b65ac-6183-4e30-b510-08511d8df2b4,platform/pages/messaging/sms/getting-started/how-to-troubleshoot-common-messaging-issues.mdx,/platform/messaging/getting-started/how-to-troubleshoot-common-messaging-issues,/messaging/getting-started/how-to-troubleshoot-common-messaging-issues,redirect,matched_changed,deleted,fern/products/platform/pages/messaging/sms/getting-started/how-to-troubleshoot-common-messaging-issues.mdx,fern/products/platform/pages/messaging/sms/getting-started/how-to-troubleshoot-common-messaging-issues.mdx,678974439a5a,2026-02-16 20:03:05 +0000,add `id` UUIDs to every page's frontmatter,d7ec372d7407,2026-02-23 15:14:07 +0000,"Reorganize Platform docs: new AI tab, content consolidation, cross-product moves",
46fdf5e4-3ed0-4ea0-9566-1940ad032275,platform/pages/messaging/sms/getting-started/platform-free-trial/index.mdx,/platform/messaging/getting-started/platform-free-trial,/messaging/getting-started/platform-free-trial,redirect,matched_changed,deleted,fern/products/platform/pages/messaging/sms/getting-started/platform-free-trial/index.mdx,fern/products/platform/pages/messaging/sms/getting-started/platform-free-trial/index.mdx,678974439a5a,2026-02-16 20:03:05 +0000,add `id` UUIDs to every page's frontmatter,d7ec372d7407,2026-02-23 15:14:07 +0000,"Reorganize Platform docs: new AI tab, content consolidation, cross-product moves",
a91a72a6-2341-4c0c-a4a1-3fcde4ac80d0,platform/pages/messaging/sms/guides/general/how-to-build-a-private-url-shortener/index.mdx,/platform/messaging/guides/general/how-to-build-a-private-url-shortener,/messaging/guides/general/how-to-build-a-private-url-shortener,redirect,matched_changed,deleted,fern/products/platform/pages/messaging/sms/guides/general/how-to-build-a-private-url-shortener/index.mdx,fern/products/platform/pages/messaging/sms/guides/general/how-to-build-a-private-url-shortener/index.mdx,678974439a5a,2026-02-16 20:03:05 +0000,add `id` UUIDs to every page's frontmatter,d7ec372d7407,2026-02-23 15:14:07 +0000,"Reorganize Platform docs: new AI tab, content consolidation, cross-product moves",
b391b9b8-d732-4a1e-aaf5-61a8fd6a6076,platform/pages/messaging/sms/guides/general/how-to-find-unregistered-numbers-on-your-project.mdx,/platform/messaging/guides/general/how-to-find-unregistered-numbers-on-your-project,/messaging/guides/general/how-to-find-unregistered-numbers-on-your-project,redirect,matched_changed,deleted,fern/products/platform/pages/messaging/sms/guides/general/how-to-find-unregistered-numbers-on-your-project.mdx,fern/products/platform/pages/messaging/sms/guides/general/how-to-find-unregistered-numbers-on-your-project.mdx,678974439a5a,2026-02-16 20:03:05 +0000,add `id` UUIDs to every page's frontmatter,d7ec372d7407,2026-02-23 15:14:07 +0000,"Reorganize Platform docs: new AI tab, content consolidation, cross-product moves",
674a5864-c834-4aaf-a40e-237f28f94452,platform/pages/messaging/sms/guides/general/toll-free-number-overview.mdx,/platform/phone-numbers,/messaging/guides/general/toll-free-number-overview,redirect,matched_changed,deleted,fern/products/platform/pages/messaging/sms/guides/general/toll-free-number-overview.mdx,fern/products/platform/pages/messaging/sms/guides/general/toll-free-number-overview.mdx,678974439a5a,2026-02-16 20:03:05 +0000,add `id` UUIDs to every page's frontmatter,d7ec372d7407,2026-02-23 15:14:07 +0000,"Reorganize Platform docs: new AI tab, content consolidation, cross-product moves",
f76e1005-1887-46e6-ba07-d33aaa3bf998,platform/pages/platform/basics/guides/getting-started-without-code/index.mdx,/platform/getting-started,/platform/basics/guides/getting-started-without-code,redirect,matched_changed,deleted,fern/products/platform/pages/platform/basics/guides/getting-started-without-code/index.mdx,fern/products/platform/pages/platform/basics/guides/getting-started-without-code/index.mdx,678974439a5a,2026-02-16 20:03:05 +0000,add `id` UUIDs to every page's frontmatter,7c1cadc6873f,2026-02-20 20:45:05 +0000,Remove outdated and deprecated platform docs,
9140ebf8-5731-4a03-965f-89b5d9d8eed3,platform/pages/platform/basics/guides/how-to-test-api-requests-on-postman/index.mdx,/platform/getting-started,/platform/basics/guides/how-to-test-api-requests-on-postman,redirect,matched_changed,deleted,fern/products/platform/pages/platform/basics/guides/how-to-test-api-requests-on-postman/index.mdx,fern/products/platform/pages/platform/basics/guides/how-to-test-api-requests-on-postman/index.mdx,678974439a5a,2026-02-16 20:03:05 +0000,add `id` UUIDs to every page's frontmatter,7c1cadc6873f,2026-02-20 20:45:05 +0000,Remove outdated and deprecated platform docs,
a35a59e8-ef0e-4825-b1b9-6a7f0e13b203,platform/pages/platform/basics/guides/technical-troubleshooting/common-webhook-errors.mdx,/platform/basics/guides/technical-troubleshooting/common-webhook-errors,/platform/basics/guides/technical-troubleshooting/common-webhook-errors,redirect,matched_changed,deleted,fern/products/platform/pages/platform/basics/guides/technical-troubleshooting/common-webhook-errors.mdx,fern/products/platform/pages/platform/basics/common-webhook-errors.mdx,678974439a5a,2026-02-16 20:03:05 +0000,add `id` UUIDs to every page's frontmatter,d7ec372d7407,2026-02-23 15:14:07 +0000,"Reorganize Platform docs: new AI tab, content consolidation, cross-product moves",
5da1e93c-7fa0-4996-aee2-f90e0386e80c,platform/pages/platform/basics/guides/technical-troubleshooting/creating-a-publically-exposed-webhook-and-configure-it-to-your-incoming-number/index.mdx,/platform/getting-started,/platform/basics/guides/technical-troubleshooting/creating-a-publically-exposed-webhook,redirect,matched_changed,deleted,fern/products/platform/pages/platform/basics/guides/technical-troubleshooting/creating-a-publically-exposed-webhook-and-configure-it-to-your-incoming-number/index.mdx,fern/products/platform/pages/platform/basics/guides/technical-troubleshooting/creating-a-publically-exposed-webhook-and-configure-it-to-your-incoming-number/index.mdx,678974439a5a,2026-02-16 20:03:05 +0000,add `id` UUIDs to every page's frontmatter,7c1cadc6873f,2026-02-20 20:45:05 +0000,Remove outdated and deprecated platform docs,
a1c382ef-352d-4b14-9d38-bce2e43bc92b,platform/pages/platform/basics/guides/technical-troubleshooting/how-to-test-webhooks-with-ngrok/index.mdx,/platform/getting-started,/platform/basics/guides/technical-troubleshooting/how-to-test-webhooks-with-ngrok,redirect,matched_changed,deleted,fern/products/platform/pages/platform/basics/guides/technical-troubleshooting/how-to-test-webhooks-with-ngrok/index.mdx,fern/products/platform/pages/platform/basics/guides/technical-troubleshooting/how-to-test-webhooks-with-ngrok/index.mdx,678974439a5a,2026-02-16 20:03:05 +0000,add `id` UUIDs to every page's frontmatter,7c1cadc6873f,2026-02-20 20:45:05 +0000,Remove outdated and deprecated platform docs,
9bada449-b002-4267-99a3-e7a4a944982a,platform/pages/platform/basics/guides/webrtc-with-sip-over-websockets/index.mdx,/platform/getting-started,/platform/basics/guides/webrtc-with-sip-over-websockets,redirect,matched_changed,deleted,fern/products/platform/pages/platform/basics/guides/webrtc-with-sip-over-websockets/index.mdx,fern/products/platform/pages/platform/basics/guides/webrtc-with-sip-over-websockets/index.mdx,678974439a5a,2026-02-16 20:03:05 +0000,add `id` UUIDs to every page's frontmatter,7c1cadc6873f,2026-02-20 20:45:05 +0000,Remove outdated and deprecated platform docs,
012e3be6-4b5b-4d54-85ea-5621cfc89f8d,platform/pages/platform/basics/security-and-compliance/fraud.mdx,/platform/getting-started,/platform/basics/security-and-compliance/fraud,redirect,matched_changed,deleted,fern/products/platform/pages/platform/basics/security-and-compliance/fraud.mdx,fern/products/platform/pages/platform/basics/security-and-compliance/fraud.mdx,678974439a5a,2026-02-16 20:03:05 +0000,add `id` UUIDs to every page's frontmatter,7c1cadc6873f,2026-02-20 20:45:05 +0000,Remove outdated and deprecated platform docs,
27e209b9-963d-4b85-9ff0-caefce40a7f3,platform/pages/platform/basics/security-and-compliance/hipaapci-compliance.mdx,/platform/getting-started,/platform/basics/security-and-compliance/hipaapci-compliance,redirect,matched_changed,deleted,fern/products/platform/pages/platform/basics/security-and-compliance/hipaapci-compliance.mdx,fern/products/platform/pages/platform/basics/security-and-compliance/hipaapci-compliance.mdx,678974439a5a,2026-02-16 20:03:05 +0000,add `id` UUIDs to every page's frontmatter,7c1cadc6873f,2026-02-20 20:45:05 +0000,Remove outdated and deprecated platform docs,
7844e388-76e9-41d9-b127-0dbccd121b67,platform/pages/platform/call-fabric/resources/ai-agents.mdx,/platform/ai,/platform/call-fabric/resources/ai-agents,redirect,matched_changed,deleted,fern/products/platform/pages/platform/call-fabric/resources/ai-agents.mdx,fern/products/platform/pages/platform/call-fabric/resources/ai-agents.mdx,678974439a5a,2026-02-16 20:03:05 +0000,add `id` UUIDs to every page's frontmatter,7c1cadc6873f,2026-02-20 20:45:05 +0000,Remove outdated and deprecated platform docs,
9404c083-360c-4b32-b670-d709bfe2af97,platform/pages/platform/call-fabric/resources/cxml-scripts.mdx,/compatibility-api/cxml,/platform/call-fabric/resources/cxml-scripts,redirect,matched_changed,deleted,fern/products/platform/pages/platform/call-fabric/resources/cxml-scripts.mdx,fern/products/platform/pages/platform/call-fabric/resources/cxml-scripts.mdx,678974439a5a,2026-02-16 20:03:05 +0000,add `id` UUIDs to every page's frontmatter,7c1cadc6873f,2026-02-20 20:45:05 +0000,Remove outdated and deprecated platform docs,
a6d53a6b-f310-4d4b-baa5-52004d614b0b,platform/pages/platform/call-fabric/resources/dialogflow-agents.mdx,/platform/call-fabric,/platform/call-fabric/resources/dialogflow-agents,redirect,matched_changed,deleted,fern/products/platform/pages/platform/call-fabric/resources/dialogflow-agents.mdx,fern/products/platform/pages/platform/call-fabric/resources/dialogflow-agents.mdx,678974439a5a,2026-02-16 20:03:05 +0000,add `id` UUIDs to every page's frontmatter,7c1cadc6873f,2026-02-20 20:45:05 +0000,Remove outdated and deprecated platform docs,
96d35be3-8fc1-49bd-9684-088fc93e4331,platform/pages/platform/call-fabric/resources/freeswitch-connectors.mdx,/platform/call-fabric/resources,/platform/call-fabric/resources/freeswitch-connectors,redirect,matched_changed,deleted,fern/products/platform/pages/platform/call-fabric/resources/freeswitch-connectors.mdx,fern/products/platform/pages/platform/call-fabric/resources/freeswitch-connectors.mdx,678974439a5a,2026-02-16 20:03:05 +0000,add `id` UUIDs to every page's frontmatter,7c1cadc6873f,2026-02-20 20:45:05 +0000,Remove outdated and deprecated platform docs,
147c3d56-2191-43ac-a39a-47a2f36b2abc,platform/pages/platform/call-fabric/resources/relay-applications.mdx,/platform/call-fabric,/platform/call-fabric/resources/relay-applications,redirect,matched_changed,deleted,fern/products/platform/pages/platform/call-fabric/resources/relay-applications.mdx,fern/products/platform/pages/platform/call-fabric/resources/relay-applications.mdx,678974439a5a,2026-02-16 20:03:05 +0000,add `id` UUIDs to every page's frontmatter,7c1cadc6873f,2026-02-20 20:45:05 +0000,Remove outdated and deprecated platform docs,
5ff87c4e-21cd-4a31-8053-063ef39e3964,platform/pages/platform/call-fabric/resources/sip-gateways.mdx,/platform/voice/sip,/platform/call-fabric/resources/sip-gateways,redirect,matched_changed,deleted,fern/products/platform/pages/platform/call-fabric/resources/sip-gateways.mdx,fern/products/platform/pages/platform/call-fabric/resources/sip-gateways.mdx,678974439a5a,2026-02-16 20:03:05 +0000,add `id` UUIDs to every page's frontmatter,7c1cadc6873f,2026-02-20 20:45:05 +0000,Remove outdated and deprecated platform docs,
59b53960-4461-42e2-83a5-5706fbd84767,platform/pages/platform/call-fabric/resources/subscribers.mdx,/platform/call-fabric/subscribers,/platform/call-fabric/resources/subscribers,redirect,matched_changed,deleted,fern/products/platform/pages/platform/call-fabric/resources/subscribers.mdx,fern/products/platform/pages/platform/call-fabric/resources/subscribers.mdx,678974439a5a,2026-02-16 20:03:05 +0000,add `id` UUIDs to every page's frontmatter,7c1cadc6873f,2026-02-20 20:45:05 +0000,Remove outdated and deprecated platform docs,
3f4bb5d0-047a-445b-9fb4-60beb5a11607,platform/pages/platform/call-fabric/resources/swml-scripts.mdx,/swml,/platform/call-fabric/resources/swml-scripts,redirect,matched_changed,deleted,fern/products/platform/pages/platform/call-fabric/resources/swml-scripts.mdx,fern/products/platform/pages/platform/call-fabric/resources/swml-scripts.mdx,678974439a5a,2026-02-16 20:03:05 +0000,add `id` UUIDs to every page's frontmatter,7c1cadc6873f,2026-02-20 20:45:05 +0000,Remove outdated and deprecated platform docs,
2b4c41f3-6ad8-4887-a8dc-19650508c03d,platform/pages/platform/call-fabric/resources/video-rooms.mdx,/platform/voice/getting-started/sip/sip-domain-applications,/platform/call-fabric/resources/video-rooms,redirect,matched_changed,deleted,fern/products/platform/pages/platform/call-fabric/resources/video-rooms.mdx,fern/products/platform/pages/platform/call-fabric/resources/video-rooms.mdx,678974439a5a,2026-02-16 20:03:05 +0000,add `id` UUIDs to every page's frontmatter,7c1cadc6873f,2026-02-20 20:45:05 +0000,Remove outdated and deprecated platform docs,
a32636f9-d78f-4da7-b868-00171abcdfcf,platform/pages/platform/dashboard/administration/change-settings/index.mdx,,/platform/dashboard/guides/changing-settings-in-your-signalwire-space,redirect,matched_changed,deleted,fern/products/platform/pages/platform/dashboard/administration/change-settings/index.mdx,fern/products/platform/pages/platform/dashboard/administration/change-settings/index.mdx,678974439a5a,2026-02-16 20:03:05 +0000,add `id` UUIDs to every page's frontmatter,0614fc596015,2026-02-23 20:42:50 +0000,"Continue platform reorg: page moves, deletions, sidebar cleanup",
aeebd2bd-9690-4c89-bbfc-0bf98be35391,platform/pages/platform/dashboard/administration/close-account/index.mdx,,/platform/dashboard/guides/closing-a-signalwire-account,redirect,matched_changed,deleted,fern/products/platform/pages/platform/dashboard/administration/close-account/index.mdx,fern/products/platform/pages/platform/dashboard/administration/close-account/index.mdx,678974439a5a,2026-02-16 20:03:05 +0000,add `id` UUIDs to every page's frontmatter,d7ec372d7407,2026-02-23 15:14:07 +0000,"Reorganize Platform docs: new AI tab, content consolidation, cross-product moves",
f7ad4b1e-4d15-4244-a054-a4100871c5a4,platform/pages/platform/dashboard/logs/index.mdx,,/platform/dashboard/guides/export-logs-from-your-signalwire-space,redirect,matched_changed,deleted,fern/products/platform/pages/platform/dashboard/logs/index.mdx,fern/products/platform/pages/platform/dashboard/logs/index.mdx,678974439a5a,2026-02-16 20:03:05 +0000,add `id` UUIDs to every page's frontmatter,7c1cadc6873f,2026-02-20 20:45:05 +0000,Remove outdated and deprecated platform docs,
105be8c0-37f5-45de-a1e1-94af8641d631,platform/pages/platform/dashboard/administration/increase-space-limits.mdx,/platform/basics/general/signalwire-rate-limits,/platform/dashboard/guides/how-to-request-an-increase-to-your-signalwire-space-limits,redirect,matched_changed,deleted,fern/products/platform/pages/platform/dashboard/administration/increase-space-limits.mdx,fern/products/platform/pages/platform/dashboard/increase-space-limits.mdx,678974439a5a,2026-02-16 20:03:05 +0000,add `id` UUIDs to every page's frontmatter,c0fd74c31e6a,2026-02-24 00:41:51 +0000,"Restructure Platform tab: folder nav, consolidate sections",
7ab026b1-f2da-4da3-8693-c15efd79c424,platform/pages/platform/dashboard/administration/subprojects/index.mdx,,/platform/dashboard/guides/subprojects,redirect,matched_changed,deleted,fern/products/platform/pages/platform/dashboard/administration/subprojects/index.mdx,fern/products/platform/pages/platform/dashboard/administration/subprojects/index.mdx,678974439a5a,2026-02-16 20:03:05 +0000,add `id` UUIDs to every page's frontmatter,0614fc596015,2026-02-23 20:42:50 +0000,"Continue platform reorg: page moves, deletions, sidebar cleanup",
aba4f709-c3d4-4f0b-90ec-9dfbfd5db45b,platform/pages/platform/dashboard/administration/suspended-signalwire-cloud-space/index.mdx,,/platform/dashboard/guides/suspended-signalwire-cloud-space,redirect,matched_changed,deleted,fern/products/platform/pages/platform/dashboard/administration/suspended-signalwire-cloud-space/index.mdx,fern/products/platform/pages/platform/dashboard/administration/suspended-signalwire-cloud-space/index.mdx,678974439a5a,2026-02-16 20:03:05 +0000,add `id` UUIDs to every page's frontmatter,d7ec372d7407,2026-02-23 15:14:07 +0000,"Reorganize Platform docs: new AI tab, content consolidation, cross-product moves",
643a5efb-9c59-48a9-b6a1-730605d23a22,platform/pages/platform/dashboard/administration/users/index.mdx,,/platform/dashboard/guides/user-management,redirect,matched_changed,deleted,fern/products/platform/pages/platform/dashboard/administration/users/index.mdx,fern/products/platform/pages/platform/dashboard/administration/users/index.mdx,678974439a5a,2026-02-16 20:03:05 +0000,add `id` UUIDs to every page's frontmatter,d7ec372d7407,2026-02-23 15:14:07 +0000,"Reorganize Platform docs: new AI tab, content consolidation, cross-product moves",
bf4654a7-56d0-43ee-8162-6e779570b6bb,platform/pages/platform/integrations/carriers/bring-your-own-carrier-byoc-thinq/index.mdx,,/platform/integrations/carriers/thinq,redirect,matched_changed,deleted,fern/products/platform/pages/platform/integrations/carriers/bring-your-own-carrier-byoc-thinq/index.mdx,fern/products/platform/pages/platform/integrations/carriers/bring-your-own-carrier-byoc-thinq/index.mdx,678974439a5a,2026-02-16 20:03:05 +0000,add `id` UUIDs to every page's frontmatter,7c1cadc6873f,2026-02-20 20:45:05 +0000,Remove outdated and deprecated platform docs,
26acce14-7ee9-47ed-b5e6-4df839ed36eb,platform/pages/platform/integrations/CRM/zoho-crm-click-to-call/index.mdx,,/platform/integrations/crm/zoho-crm-click-to-call,redirect,matched_changed,deleted,fern/products/platform/pages/platform/integrations/CRM/zoho-crm-click-to-call/index.mdx,fern/products/platform/pages/platform/integrations/CRM/zoho-crm-click-to-call/index.mdx,678974439a5a,2026-02-16 20:03:05 +0000,add `id` UUIDs to every page's frontmatter,7c1cadc6873f,2026-02-20 20:45:05 +0000,Remove outdated and deprecated platform docs,
2c3cdfb7-ed54-477f-a48c-45fd3e9fd82c,platform/pages/platform/integrations/dialogflow/dialogflow-agents/index.mdx,,/platform/integrations/dialogflow/dialogflow-agents,redirect,matched_changed,deleted,fern/products/platform/pages/platform/integrations/dialogflow/dialogflow-agents/index.mdx,fern/products/platform/pages/platform/integrations/dialogflow/dialogflow-agents/index.mdx,678974439a5a,2026-02-16 20:03:05 +0000,add `id` UUIDs to every page's frontmatter,7c1cadc6873f,2026-02-20 20:45:05 +0000,Remove outdated and deprecated platform docs,
6126d0d3-39e6-4cea-a070-8ddf822f576b,platform/pages/platform/integrations/dialogflow/dialogflow-using-nodejs-to-get-caller-id-send-sms.mdx,,/platform/integrations/dialogflow/dialogflow-using-nodejs-to-get-caller-id-send-sms,redirect,matched_changed,deleted,fern/products/platform/pages/platform/integrations/dialogflow/dialogflow-using-nodejs-to-get-caller-id-send-sms.mdx,fern/products/platform/pages/platform/integrations/dialogflow/dialogflow-using-nodejs-to-get-caller-id-send-sms.mdx,678974439a5a,2026-02-16 20:03:05 +0000,add `id` UUIDs to every page's frontmatter,7c1cadc6873f,2026-02-20 20:45:05 +0000,Remove outdated and deprecated platform docs,
d4238bf0-1ca2-449b-9a25-1c1d90ba6715,platform/pages/platform/integrations/FreeSWITCH/choosing-a-freeswitch-repository.mdx,,/platform/integrations/freeswitch/choosing-a-freeswitch-repository,redirect,matched_changed,deleted,fern/products/platform/pages/platform/integrations/FreeSWITCH/choosing-a-freeswitch-repository.mdx,fern/products/platform/pages/platform/integrations/FreeSWITCH/choosing-a-freeswitch-repository.mdx,678974439a5a,2026-02-16 20:03:05 +0000,add `id` UUIDs to every page's frontmatter,ed9de568878f,2026-02-23 21:17:26 +0000,"Consolidate and trim Platform content: fold pages, delete obsolete docs",
46e6f58e-1c10-43d2-b983-b714b1aa1f41,platform/pages/platform/integrations/FreeSWITCH/freeswitch-crash-getting-a-backtrace-from-a-core-dump.mdx,,/platform/integrations/freeswitch/freeswitch-crash-getting-a-backtrace-from-a-core-dump,redirect,matched_changed,deleted,fern/products/platform/pages/platform/integrations/FreeSWITCH/freeswitch-crash-getting-a-backtrace-from-a-core-dump.mdx,fern/products/platform/pages/platform/integrations/FreeSWITCH/freeswitch-crash-getting-a-backtrace-from-a-core-dump.mdx,678974439a5a,2026-02-16 20:03:05 +0000,add `id` UUIDs to every page's frontmatter,ed9de568878f,2026-02-23 21:17:26 +0000,"Consolidate and trim Platform content: fold pages, delete obsolete docs",
49e96d5c-02c5-4a9f-95ea-01dd7055e431,platform/pages/platform/integrations/FreeSWITCH/freeswitch-memory-address-and-memory-pool-sanitizer.mdx,,/platform/integrations/freeswitch/freeswitch-memory-address-and-memory-pool-sanitizer,redirect,matched_changed,deleted,fern/products/platform/pages/platform/integrations/FreeSWITCH/freeswitch-memory-address-and-memory-pool-sanitizer.mdx,fern/products/platform/pages/platform/integrations/FreeSWITCH/freeswitch-memory-address-and-memory-pool-sanitizer.mdx,678974439a5a,2026-02-16 20:03:05 +0000,add `id` UUIDs to every page's frontmatter,ed9de568878f,2026-02-23 21:17:26 +0000,"Consolidate and trim Platform content: fold pages, delete obsolete docs",
b961d125-20e2-43bb-89db-ba2ab2b0ab32,platform/pages/platform/integrations/messaging-services/how-to-configure-textable-app-with-your-signalwire-account/index.mdx,,/platform/integrations/messaging-services/textable,redirect,matched_changed,deleted,fern/products/platform/pages/platform/integrations/messaging-services/how-to-configure-textable-app-with-your-signalwire-account/index.mdx,fern/products/platform/pages/platform/integrations/messaging-services/how-to-configure-textable-app-with-your-signalwire-account/index.mdx,678974439a5a,2026-02-16 20:03:05 +0000,add `id` UUIDs to every page's frontmatter,7c1cadc6873f,2026-02-20 20:45:05 +0000,Remove outdated and deprecated platform docs,
5e69f7c2-629c-4c62-a1df-3463c2f1d9e7,platform/pages/platform/integrations/messaging-services/textit/index.mdx,,/platform/integrations/messaging-services/textit,redirect,matched_changed,deleted,fern/products/platform/pages/platform/integrations/messaging-services/textit/index.mdx,fern/products/platform/pages/platform/integrations/messaging-services/textit/index.mdx,678974439a5a,2026-02-16 20:03:05 +0000,add `id` UUIDs to every page's frontmatter,7c1cadc6873f,2026-02-20 20:45:05 +0000,Remove outdated and deprecated platform docs,
0aaf10e0-7c15-47ab-8298-dc774c65d19f,platform/pages/platform/integrations/PBX-Systems/set-up-chan_sip-freepbx-with-signalwire/index.mdx,/platform/integrations/pbx-systems/set-up-freepbx-with-signalwire,/platform/integrations/pbx-systems/set-up-chan-sip-freepbx-with-signalwire,redirect,matched_changed,deleted,fern/products/platform/pages/platform/integrations/PBX-Systems/set-up-chan_sip-freepbx-with-signalwire/index.mdx,fern/products/platform/pages/platform/integrations/PBX-Systems/set-up-chan_sip-freepbx-with-signalwire/index.mdx,678974439a5a,2026-02-16 20:03:05 +0000,add `id` UUIDs to every page's frontmatter,7c1cadc6873f,2026-02-20 20:45:05 +0000,Remove outdated and deprecated platform docs,
da035caa-39a9-41d1-8132-0ad205d30cdf,platform/pages/platform/integrations/serverless-functions/google-cloud-functions.mdx,,/platform/integrations/serverless-functions/google-cloud-functions,redirect,matched_changed,deleted,fern/products/platform/pages/platform/integrations/serverless-functions/google-cloud-functions.mdx,fern/products/platform/pages/platform/integrations/serverless-functions/google-cloud-functions.mdx,678974439a5a,2026-02-16 20:03:05 +0000,add `id` UUIDs to every page's frontmatter,7c1cadc6873f,2026-02-20 20:45:05 +0000,Remove outdated and deprecated platform docs,
1eb3fbed-0873-4027-9fb8-c5e85d8f72df,platform/pages/platform/integrations/serverless-functions/microsoft-azure-functions.mdx,,/platform/integrations/serverless-functions/microsoft-azure-functions,redirect,matched_changed,deleted,fern/products/platform/pages/platform/integrations/serverless-functions/microsoft-azure-functions.mdx,fern/products/platform/pages/platform/integrations/serverless-functions/microsoft-azure-functions.mdx,678974439a5a,2026-02-16 20:03:05 +0000,add `id` UUIDs to every page's frontmatter,7c1cadc6873f,2026-02-20 20:45:05 +0000,Remove outdated and deprecated platform docs,
ec6711d2-882f-47cb-8493-eb1403c50fa0,platform/pages/platform/integrations/softphones/connect-signalwire-with-3cx/index.mdx,,/platform/integrations/softphones/connect-signalwire-with-3cx,redirect,matched_changed,deleted,fern/products/platform/pages/platform/integrations/softphones/connect-signalwire-with-3cx/index.mdx,fern/products/platform/pages/platform/integrations/softphones/connect-signalwire-with-3cx/index.mdx,678974439a5a,2026-02-16 20:03:05 +0000,add `id` UUIDs to every page's frontmatter,9fbda72185bf,2026-02-20 16:05:51 +0000,stash: platform deletions,
06b699ed-0f2b-411b-9983-af03f04eec0c,platform/pages/platform/integrations/softphones/connect-signalwire-with-linphone/index.mdx,/platform/voice/sip,/platform/integrations/softphones/connect-signalwire-with-linphone,redirect,matched_changed,deleted,fern/products/platform/pages/platform/integrations/softphones/connect-signalwire-with-linphone/index.mdx,fern/products/platform/pages/platform/integrations/softphones/connect-signalwire-with-linphone/index.mdx,678974439a5a,2026-02-16 20:03:05 +0000,add `id` UUIDs to every page's frontmatter,9fbda72185bf,2026-02-20 16:05:51 +0000,stash: platform deletions,
e39a5980-fec2-4dcf-9234-088a01f33c2f,platform/pages/platform/integrations/softphones/microsip-softphone/index.mdx,/platform/voice/sip,/platform/integrations/softphones/microsip-softphone,redirect,matched_changed,deleted,fern/products/platform/pages/platform/integrations/softphones/microsip-softphone/index.mdx,fern/products/platform/pages/platform/integrations/softphones/microsip-softphone/index.mdx,678974439a5a,2026-02-16 20:03:05 +0000,add `id` UUIDs to every page's frontmatter,9fbda72185bf,2026-02-20 16:05:51 +0000,stash: platform deletions,
a0b4a525-8f1a-4147-94b9-c3f15bc53597,platform/pages/platform/integrations/softphones/set-up-bria-softphone-with-signalwire.mdx,/platform/voice/sip,/platform/integrations/softphones/set-up-bria-softphone-with-signalwire,redirect,matched_changed,deleted,fern/products/platform/pages/platform/integrations/softphones/set-up-bria-softphone-with-signalwire.mdx,fern/products/platform/pages/platform/integrations/softphones/set-up-bria-softphone-with-signalwire.mdx,678974439a5a,2026-02-16 20:03:05 +0000,add `id` UUIDs to every page's frontmatter,9fbda72185bf,2026-02-20 16:05:51 +0000,stash: platform deletions,
7328278d-a30d-4f27-ac99-835f1ce1ab0d,platform/pages/platform/integrations/softphones/set-up-zoiper-softphone-with-signalwire/index.mdx,/platform/voice/sip,/platform/integrations/softphones/set-up-zoiper-softphone-with-signalwire,redirect,matched_changed,deleted,fern/products/platform/pages/platform/integrations/softphones/set-up-zoiper-softphone-with-signalwire/index.mdx,fern/products/platform/pages/platform/integrations/softphones/set-up-zoiper-softphone-with-signalwire/index.mdx,678974439a5a,2026-02-16 20:03:05 +0000,add `id` UUIDs to every page's frontmatter,9fbda72185bf,2026-02-20 16:05:51 +0000,stash: platform deletions,
a0ce48b5-e11a-48db-929e-7c50522111fa,platform/pages/platform/integrations/workflow-tools/how-to-integrate-signalwire-into-integromat/index.mdx,,/platform/integrations/workflow-tools/how-to-integrate-signalwire-into-integromat,redirect,matched_changed,deleted,fern/products/platform/pages/platform/integrations/workflow-tools/how-to-integrate-signalwire-into-integromat/index.mdx,fern/products/platform/pages/platform/integrations/workflow-tools/how-to-integrate-signalwire-into-integromat/index.mdx,678974439a5a,2026-02-16 20:03:05 +0000,add `id` UUIDs to every page's frontmatter,7c1cadc6873f,2026-02-20 20:45:05 +0000,Remove outdated and deprecated platform docs,
c0a4410f-7d37-4d2f-b6a9-fd2411ffc0e3,platform/pages/platform/integrations/workflow-tools/zapier/creating-a-zap/index.mdx,,/platform/integrations/workflow-tools/zapier/creating-a-zapier-zap,redirect,matched_changed,deleted,fern/products/platform/pages/platform/integrations/workflow-tools/zapier/creating-a-zap/index.mdx,fern/products/platform/pages/platform/integrations/workflow-tools/zapier/creating-a-zap/index.mdx,678974439a5a,2026-02-16 20:03:05 +0000,add `id` UUIDs to every page's frontmatter,7c1cadc6873f,2026-02-20 20:45:05 +0000,Remove outdated and deprecated platform docs,
5cfb029a-ec1e-4583-b365-7db4953d6518,platform/pages/platform/integrations/workflow-tools/zapier/use-webhooks-by-zapier-with-signalwires-apis/index.mdx,,/platform/integrations/workflow-tools/zapier/how-to-use-zapier-webhooks,redirect,matched_changed,deleted,fern/products/platform/pages/platform/integrations/workflow-tools/zapier/use-webhooks-by-zapier-with-signalwires-apis/index.mdx,fern/products/platform/pages/platform/integrations/workflow-tools/zapier/use-webhooks-by-zapier-with-signalwires-apis/index.mdx,678974439a5a,2026-02-16 20:03:05 +0000,add `id` UUIDs to every page's frontmatter,7c1cadc6873f,2026-02-20 20:45:05 +0000,Remove outdated and deprecated platform docs,
5f355572-1731-43c9-930b-d8070dd6296f,platform/pages/platform/phone-numbers/getting-started/buying-a-phone-number/index.mdx,/platform/phone-numbers,/platform/phone-numbers/getting-started/buying-a-phone-number,redirect,matched_changed,deleted,fern/products/platform/pages/platform/phone-numbers/getting-started/buying-a-phone-number/index.mdx,fern/products/platform/pages/platform/phone-numbers/getting-started/buying-a-phone-number/index.mdx,678974439a5a,2026-02-16 20:03:05 +0000,add `id` UUIDs to every page's frontmatter,7c1cadc6873f,2026-02-20 20:45:05 +0000,Remove outdated and deprecated platform docs,
75a3691a-5e65-4b48-9b6f-45f31259abc9,platform/pages/platform/phone-numbers/guides/caller-id.mdx,,/platform/phone-numbers/guides/caller-id,redirect,matched_changed,deleted,fern/products/platform/pages/platform/phone-numbers/guides/caller-id.mdx,fern/products/platform/pages/platform/phone-numbers/guides/caller-id.mdx,678974439a5a,2026-02-16 20:03:05 +0000,add `id` UUIDs to every page's frontmatter,8ecf66a39f1a,2026-02-23 13:03:34 +0000,Reorganize Platform docs navigation,
84a01d37-b247-456a-a4cf-5645fc10f1ee,platform/pages/platform/phone-numbers/guides/number-groups.mdx,,/platform/phone-numbers/guides/number-groups,redirect,matched_changed,deleted,fern/products/platform/pages/platform/phone-numbers/guides/number-groups.mdx,fern/products/platform/pages/platform/phone-numbers/guides/number-groups.mdx,678974439a5a,2026-02-16 20:03:05 +0000,add `id` UUIDs to every page's frontmatter,7c1cadc6873f,2026-02-20 20:45:05 +0000,Remove outdated and deprecated platform docs,
1bb80115-6d15-48e8-ba28-07470ebd2327,platform/pages/platform/phone-numbers/guides/porting-out-of-signalwire.mdx,,/platform/phone-numbers/guides/porting-out-of-signalwire,redirect,matched_changed,deleted,fern/products/platform/pages/platform/phone-numbers/guides/porting-out-of-signalwire.mdx,fern/products/platform/pages/platform/phone-numbers/guides/porting-out-of-signalwire.mdx,678974439a5a,2026-02-16 20:03:05 +0000,add `id` UUIDs to every page's frontmatter,7c1cadc6873f,2026-02-20 20:45:05 +0000,Remove outdated and deprecated platform docs,
5c76a7c1-a87c-41f3-9587-39d8a2195db9,platform/pages/platform/phone-numbers/guides/releasing-dids-1.mdx,,/platform/phone-numbers/guides/releasing-dids,redirect,matched_changed,deleted,fern/products/platform/pages/platform/phone-numbers/guides/releasing-dids-1.mdx,fern/products/platform/pages/platform/phone-numbers/guides/releasing-dids-1.mdx,678974439a5a,2026-02-16 20:03:05 +0000,add `id` UUIDs to every page's frontmatter,7c1cadc6873f,2026-02-20 20:45:05 +0000,Remove outdated and deprecated platform docs,
69e90dfc-c7f4-484d-ac00-24e52afa5bb1,platform/pages/platform/phone-numbers/guides/transferring-dids/index.mdx,,/platform/phone-numbers/guides/transferring-dids,redirect,matched_changed,deleted,fern/products/platform/pages/platform/phone-numbers/guides/transferring-dids/index.mdx,fern/products/platform/pages/platform/phone-numbers/guides/transferring-dids/index.mdx,678974439a5a,2026-02-16 20:03:05 +0000,add `id` UUIDs to every page's frontmatter,7c1cadc6873f,2026-02-20 20:45:05 +0000,Remove outdated and deprecated platform docs,
733c74cf-cea3-4853-b9c9-8e16c58b9e39,platform/pages/messaging/sms/carrier-passthrough-fees/index.mdx,,/sms/carrier-fees,redirect,matched_changed,deleted,fern/products/platform/pages/messaging/sms/carrier-passthrough-fees/index.mdx,fern/products/platform/pages/messaging/sms/carrier-passthrough-fees/index.mdx,678974439a5a,2026-02-16 20:03:05 +0000,add `id` UUIDs to every page's frontmatter,d7ec372d7407,2026-02-23 15:14:07 +0000,"Reorganize Platform docs: new AI tab, content consolidation, cross-product moves",
5fd8e143-3958-4167-8ed5-08598bf22f52,platform/pages/calling/video/get-started/pvc/index.mdx,/platform/video,/video/conference,redirect,matched_changed,deleted,fern/products/platform/pages/calling/video/get-started/pvc/index.mdx,fern/products/platform/pages/calling/video/get-started/pvc/index.mdx,678974439a5a,2026-02-16 20:03:05 +0000,add `id` UUIDs to every page's frontmatter,d7ec372d7407,2026-02-23 15:14:07 +0000,"Reorganize Platform docs: new AI tab, content consolidation, cross-product moves",
d121756b-a029-4da6-8c51-7ba6baadedc7,platform/pages/calling/video/get-started/pvc/technical-reference.mdx,/platform/video,/video/conference/technical-reference,redirect,matched_changed,deleted,fern/products/platform/pages/calling/video/get-started/pvc/technical-reference.mdx,fern/products/platform/pages/calling/video/get-started/pvc/technical-reference.mdx,678974439a5a,2026-02-16 20:03:05 +0000,add `id` UUIDs to every page's frontmatter,d7ec372d7407,2026-02-23 15:14:07 +0000,"Reorganize Platform docs: new AI tab, content consolidation, cross-product moves",
92832463-b3f4-405a-8cdf-cc28f6918047,platform/pages/calling/video/video-faq.mdx,/platform/video,/video/faq,redirect,matched_changed,deleted,fern/products/platform/pages/calling/video/video-faq.mdx,fern/products/platform/pages/calling/video/video-faq.mdx,678974439a5a,2026-02-16 20:03:05 +0000,add `id` UUIDs to every page's frontmatter,d7ec372d7407,2026-02-23 15:14:07 +0000,"Reorganize Platform docs: new AI tab, content consolidation, cross-product moves",
af251f3f-577c-494a-9ff8-4a7b1843d8d2,platform/pages/calling/video/get-started/index.mdx,/platform/video,/video/getting-started,redirect,matched_changed,deleted,fern/products/platform/pages/calling/video/get-started/index.mdx,fern/products/platform/pages/calling/video/get-started/index.mdx,678974439a5a,2026-02-16 20:03:05 +0000,add `id` UUIDs to every page's frontmatter,d7ec372d7407,2026-02-23 15:14:07 +0000,"Reorganize Platform docs: new AI tab, content consolidation, cross-product moves",
a9409f91-22a8-4f32-aedd-f8090a3e11be,platform/pages/calling/video/get-started/extending-rooms-with-custom-code/index.mdx,/platform/video,/video/getting-started/extending-rooms-with-custom-code,redirect,matched_changed,deleted,fern/products/platform/pages/calling/video/get-started/extending-rooms-with-custom-code/index.mdx,fern/products/platform/pages/calling/video/get-started/extending-rooms-with-custom-code/index.mdx,678974439a5a,2026-02-16 20:03:05 +0000,add `id` UUIDs to every page's frontmatter,d7ec372d7407,2026-02-23 15:14:07 +0000,"Reorganize Platform docs: new AI tab, content consolidation, cross-product moves",
079ef0d0-3cad-4d2c-9934-d258e0ebb569,platform/pages/calling/video/get-started/managing-rooms-with-apis/index.mdx,/platform/video,/video/getting-started/managing-rooms-with-apis,redirect,matched_changed,deleted,fern/products/platform/pages/calling/video/get-started/managing-rooms-with-apis/index.mdx,fern/products/platform/pages/calling/video/get-started/managing-rooms-with-apis/index.mdx,678974439a5a,2026-02-16 20:03:05 +0000,add `id` UUIDs to every page's frontmatter,d7ec372d7407,2026-02-23 15:14:07 +0000,"Reorganize Platform docs: new AI tab, content consolidation, cross-product moves",
16153626-30c6-451e-85db-cba05cc9caaa,platform/pages/calling/video/get-started/getting-started-with-the-signalwire-video-api-1/index.mdx,/browser-sdk/guides/build-a-video-calling-application-with-the-browser-sdk,/video/getting-started/simple-video-demo,redirect,matched_changed,deleted,fern/products/platform/pages/calling/video/get-started/getting-started-with-the-signalwire-video-api-1/index.mdx,fern/products/platform/pages/calling/video/get-started/getting-started-with-the-signalwire-video-api-1/index.mdx,678974439a5a,2026-02-16 20:03:05 +0000,add `id` UUIDs to every page's frontmatter,d7ec372d7407,2026-02-23 15:14:07 +0000,"Reorganize Platform docs: new AI tab, content consolidation, cross-product moves",
0b3a225d-2ee5-4a70-915e-405af0037348,platform/pages/calling/video/get-started/video-first-steps/index.mdx,/platform/video,/video/getting-started/video-first-steps,redirect,matched_changed,deleted,fern/products/platform/pages/calling/video/get-started/video-first-steps/index.mdx,fern/products/platform/pages/calling/video/get-started/video-first-steps/index.mdx,678974439a5a,2026-02-16 20:03:05 +0000,add `id` UUIDs to every page's frontmatter,d7ec372d7407,2026-02-23 15:14:07 +0000,"Reorganize Platform docs: new AI tab, content consolidation, cross-product moves",
416ae0e5-4351-4a00-ad17-5131c9a96bf9,platform/pages/calling/video/guides/layout-positions/index.mdx,/platform/video,/video/guides/layout-positions,redirect,matched_changed,deleted,fern/products/platform/pages/calling/video/guides/layout-positions/index.mdx,fern/products/platform/pages/calling/video/guides/layout-positions/index.mdx,678974439a5a,2026-02-16 20:03:05 +0000,add `id` UUIDs to every page's frontmatter,d7ec372d7407,2026-02-23 15:14:07 +0000,"Reorganize Platform docs: new AI tab, content consolidation, cross-product moves",
7a565b03-5bb4-4123-90c3-218959e956f6,platform/pages/calling/video/guides/layouts/index.mdx,/platform/video,/video/guides/layouts,redirect,matched_changed,deleted,fern/products/platform/pages/calling/video/guides/layouts/index.mdx,fern/products/platform/pages/calling/video/guides/layouts/index.mdx,678974439a5a,2026-02-16 20:03:05 +0000,add `id` UUIDs to every page's frontmatter,d7ec372d7407,2026-02-23 15:14:07 +0000,"Reorganize Platform docs: new AI tab, content consolidation, cross-product moves",
428f5b20-9fae-4926-85c7-4656e379b2ad,platform/pages/calling/video/guides/making-a-clubhouse-clone/index.mdx,/browser-sdk/guides/make-a-clubhouse-like-application,/video/guides/making-a-clubhouse-clone,redirect,matched_changed,deleted,fern/products/platform/pages/calling/video/guides/making-a-clubhouse-clone/index.mdx,fern/products/platform/pages/calling/video/guides/making-a-clubhouse-clone/index.mdx,678974439a5a,2026-02-16 20:03:05 +0000,add `id` UUIDs to every page's frontmatter,d7ec372d7407,2026-02-23 15:14:07 +0000,"Reorganize Platform docs: new AI tab, content consolidation, cross-product moves",
1c1682af-434d-44f7-955e-fa884fd2fdee,platform/pages/calling/video/guides/zoom-clone-2/index.mdx,/browser-sdk/guides/make-a-zoom-like-application,/video/guides/making-a-zoom-clone,redirect,matched_changed,deleted,fern/products/platform/pages/calling/video/guides/zoom-clone-2/index.mdx,fern/products/platform/pages/calling/video/guides/zoom-clone-2/index.mdx,678974439a5a,2026-02-16 20:03:05 +0000,add `id` UUIDs to every page's frontmatter,d7ec372d7407,2026-02-23 15:14:07 +0000,"Reorganize Platform docs: new AI tab, content consolidation, cross-product moves",
4d1ef16f-6bf8-42fb-b6aa-0fcd5790f29b,platform/pages/calling/video/guides/setting-the-layout-of-your-signalwire-video-calls.mdx,/platform/video,/video/guides/setting-the-layout-of-your-signalwire-video-calls,redirect,matched_changed,deleted,fern/products/platform/pages/calling/video/guides/setting-the-layout-of-your-signalwire-video-calls.mdx,fern/products/platform/pages/calling/video/guides/setting-the-layout-of-your-signalwire-video-calls.mdx,678974439a5a,2026-02-16 20:03:05 +0000,add `id` UUIDs to every page's frontmatter,d7ec372d7407,2026-02-23 15:14:07 +0000,"Reorganize Platform docs: new AI tab, content consolidation, cross-product moves",
7eaac12b-74cf-4d2d-a463-6e6682d0f5d2,platform/pages/calling/voice/voice-faq.mdx,/platform/voice,/voice/faq,redirect,matched_changed,deleted,fern/products/platform/pages/calling/voice/voice-faq.mdx,fern/products/platform/pages/calling/voice/voice-faq.mdx,678974439a5a,2026-02-16 20:03:05 +0000,add `id` UUIDs to every page's frontmatter,d7ec372d7407,2026-02-23 15:14:07 +0000,"Reorganize Platform docs: new AI tab, content consolidation, cross-product moves",
b6f8d507-db11-4c41-8b9f-52befa6c58d2,platform/pages/calling/voice/getting-started/how-to-forward-calls/index.mdx,/swml/guides/recipes/forwarding-calls,/voice/getting-started/how-to-forward-calls,redirect,matched_changed,deleted,fern/products/platform/pages/calling/voice/getting-started/how-to-forward-calls/index.mdx,fern/products/platform/pages/calling/voice/getting-started/how-to-forward-calls/index.mdx,678974439a5a,2026-02-16 20:03:05 +0000,add `id` UUIDs to every page's frontmatter,d7ec372d7407,2026-02-23 15:14:07 +0000,"Reorganize Platform docs: new AI tab, content consolidation, cross-product moves",
0ea04e7e-0d46-4471-901d-ee7446e2ca7c,platform/pages/calling/voice/getting-started/how-to-set-up-voicemail/index.mdx,/swml/guides/recipes/voicemail,/voice/getting-started/how-to-set-up-voicemail,redirect,matched_changed,deleted,fern/products/platform/pages/calling/voice/getting-started/how-to-set-up-voicemail/index.mdx,fern/products/platform/pages/calling/voice/getting-started/how-to-set-up-voicemail/index.mdx,678974439a5a,2026-02-16 20:03:05 +0000,add `id` UUIDs to every page's frontmatter,d7ec372d7407,2026-02-23 15:14:07 +0000,"Reorganize Platform docs: new AI tab, content consolidation, cross-product moves",
3e925c32-5ed3-4d89-b46d-3f552ea739eb,platform/pages/calling/voice/getting-started/making-and-receiving-phone-calls/index.mdx,/swml/guides/recipes/making-and-receiving-calls,/voice/getting-started/making-and-receiving-phone-calls,redirect,matched_changed,deleted,fern/products/platform/pages/calling/voice/getting-started/making-and-receiving-phone-calls/index.mdx,fern/products/platform/pages/calling/voice/getting-started/making-and-receiving-phone-calls/index.mdx,678974439a5a,2026-02-16 20:03:05 +0000,add `id` UUIDs to every page's frontmatter,d7ec372d7407,2026-02-23 15:14:07 +0000,"Reorganize Platform docs: new AI tab, content consolidation, cross-product moves",
2df76c38-21de-47bf-a613-edd0fd7bc119,platform/pages/calling/voice/getting-started/recording-calls/index.mdx,/swml/guides/recipes/recording-calls,/voice/getting-started/recording-calls,redirect,matched_changed,deleted,fern/products/platform/pages/calling/voice/getting-started/recording-calls/index.mdx,fern/products/platform/pages/calling/voice/getting-started/recording-calls/index.mdx,678974439a5a,2026-02-16 20:03:05 +0000,add `id` UUIDs to every page's frontmatter,d7ec372d7407,2026-02-23 15:14:07 +0000,"Reorganize Platform docs: new AI tab, content consolidation, cross-product moves",
470089f0-bdc3-443a-b304-a51aa13c95e3,platform/pages/calling/voice/SIP/sip-gateway/index.mdx,/platform/voice/sip,/voice/getting-started/sip/sip-gateways,redirect,matched_changed,deleted,fern/products/platform/pages/calling/voice/SIP/sip-gateway/index.mdx,fern/products/platform/pages/calling/voice/SIP/sip-gateway/index.mdx,678974439a5a,2026-02-16 20:03:05 +0000,add `id` UUIDs to every page's frontmatter,d7ec372d7407,2026-02-23 15:14:07 +0000,"Reorganize Platform docs: new AI tab, content consolidation, cross-product moves",
aeb2614f-4712-4384-be24-5dfb29e8a873,platform/pages/calling/voice/SIP/overview.mdx,/platform/voice/sip,/voice/sip,redirect,matched_changed,deleted,fern/products/platform/pages/calling/voice/SIP/overview.mdx,fern/products/platform/pages/calling/voice/SIP/overview.mdx,678974439a5a,2026-02-16 20:03:05 +0000,add `id` UUIDs to every page's frontmatter,d7ec372d7407,2026-02-23 15:14:07 +0000,"Reorganize Platform docs: new AI tab, content consolidation, cross-product moves",
aefb9969-31b8-4ec6-8c36-fa6d223f938c,platform/pages/calling/voice/SIP/sip-endpoints/index.mdx,/platform/voice/sip,/voice/sip/get-started,redirect,matched_changed,deleted,fern/products/platform/pages/calling/voice/SIP/sip-endpoints/index.mdx,fern/products/platform/pages/calling/voice/SIP/sip-endpoints/index.mdx,678974439a5a,2026-02-16 20:03:05 +0000,add `id` UUIDs to every page's frontmatter,d7ec372d7407,2026-02-23 15:14:07 +0000,"Reorganize Platform docs: new AI tab, content consolidation, cross-product moves",
f81b7204-fcea-45c7-afa6-b7915e645639,platform/pages/platform/call-fabric/overview.mdx,,/platform/call-fabric,no_action,matched_same,deleted,fern/products/platform/pages/platform/call-fabric/overview.mdx,fern/products/platform/pages/platform/call-fabric/overview.mdx,678974439a5a,2026-02-16 20:03:05 +0000,add `id` UUIDs to every page's frontmatter,deee06f17f29,2026-02-25 23:26:56 +0000,delete CF overview,
a9366853-7014-4153-9142-e2331aba7ccf,platform/pages/platform/dashboard/overview.mdx,,/platform/dashboard,no_action,matched_same,deleted,fern/products/platform/pages/platform/dashboard/overview.mdx,fern/products/platform/pages/platform/dashboard/overview.mdx,678974439a5a,2026-02-16 20:03:05 +0000,add `id` UUIDs to every page's frontmatter,7c1cadc6873f,2026-02-20 20:45:05 +0000,Remove outdated and deprecated platform docs,
86bfb433-5c22-4a8b-9060-aa2e3dcd0dba,platform/pages/platform/dashboard/billing/index.mdx,,/platform/dashboard/billing,no_action,matched_same,deleted,fern/products/platform/pages/platform/dashboard/billing/index.mdx,fern/products/platform/pages/platform/dashboard/billing/index.mdx,678974439a5a,2026-02-16 20:03:05 +0000,add `id` UUIDs to every page's frontmatter,7c1cadc6873f,2026-02-20 20:45:05 +0000,Remove outdated and deprecated platform docs,
fad3cd92-40a4-4ac6-8aa8-0617036cc2af,realtime-sdk/pages/latest/tech-ref/chat/chat-client.mdx,/realtime-sdk/reference/chat/client,/sdks/realtime-sdk/chat/client,redirect,slug_changed,deleted,fern/products/realtime-sdk/pages/latest/tech-ref/chat/chat-client.mdx,fern/products/realtime-sdk/pages/latest/tech-ref/chat/chat-client.mdx,678974439a5a,2026-02-16 20:03:05 +0000,add `id` UUIDs to every page's frontmatter,8e4531598cf2,2026-02-23 15:59:24 -0500,"Delete more docs, use folder navigation in product config",
b9ff9d38-6a88-4041-a836-0c29772995d8,realtime-sdk/pages/v3/guides/messaging/forwarding-texts-to-email-nodejs.mdx,,/sdks/realtime-sdk/guides/messaging/forwarding-texts-to-email,redirect,slug_changed,deleted,fern/products/realtime-sdk/pages/v3/guides/messaging/forwarding-texts-to-email-nodejs.mdx,fern/products/realtime-sdk/pages/v3/guides/messaging/forwarding-texts-to-email-nodejs.mdx,678974439a5a,2026-02-16 20:03:05 +0000,add `id` UUIDs to every page's frontmatter,7ce1aab650af,2026-02-23 23:23:14 +0545,remove old guides,
b11cb040-7a54-46ed-873d-e8374dd9ee5a,realtime-sdk/pages/v3/guides/messaging/send-sms-from-the-browser-using-node-js.mdx,,/sdks/realtime-sdk/guides/messaging/send-sms-from-the-browser,redirect,slug_changed,deleted,fern/products/realtime-sdk/pages/v3/guides/messaging/send-sms-from-the-browser-using-node-js.mdx,fern/products/realtime-sdk/pages/v3/guides/messaging/send-sms-from-the-browser-using-node-js.mdx,678974439a5a,2026-02-16 20:03:05 +0000,add `id` UUIDs to every page's frontmatter,7ce1aab650af,2026-02-23 23:23:14 +0545,remove old guides,
198fbd9a-88c0-4839-9983-48cf2fbe66d8,realtime-sdk/pages/v3/guides/voice/first-steps-with-voice.mdx,/realtime-sdk/guides/make-and-receive-calls,/sdks/realtime-sdk/guides/voice/first-steps-with-voice,redirect,matched_changed,deleted,fern/products/realtime-sdk/pages/v3/guides/voice/first-steps-with-voice.mdx,fern/products/realtime-sdk/pages/v3/guides/voice/first-steps-with-voice.mdx,678974439a5a,2026-02-16 20:03:05 +0000,add `id` UUIDs to every page's frontmatter,7ce1aab650af,2026-02-23 23:23:14 +0545,remove old guides,
21d04025-bcf4-49e7-af28-57c144530f75,realtime-sdk/pages/latest/guides/voice/setting-up-voicemail.mdx,/realtime-sdk/guides/make-and-receive-calls,/sdks/realtime-sdk/guides/voice/setting-up-voicemail,redirect,matched_changed,deleted,fern/products/realtime-sdk/pages/latest/guides/voice/setting-up-voicemail.mdx,fern/products/realtime-sdk/pages/latest/guides/voice/setting-up-voicemail.mdx,678974439a5a,2026-02-16 20:03:05 +0000,add `id` UUIDs to every page's frontmatter,8e4531598cf2,2026-02-23 15:59:24 -0500,"Delete more docs, use folder navigation in product config",
52362d34-edfc-457f-a88e-8550fbc7fa82,realtime-sdk/pages/latest/guides/voice/stop-robocalls-with-signalwires-communication-api.mdx,/realtime-sdk/guides/make-and-receive-calls,/sdks/realtime-sdk/guides/voice/stop-robocalls,redirect,slug_changed,deleted,fern/products/realtime-sdk/pages/latest/guides/voice/stop-robocalls-with-signalwires-communication-api.mdx,fern/products/realtime-sdk/pages/latest/guides/voice/stop-robocalls-with-signalwires-communication-api.mdx,678974439a5a,2026-02-16 20:03:05 +0000,add `id` UUIDs to every page's frontmatter,8e4531598cf2,2026-02-23 15:59:24 -0500,"Delete more docs, use folder navigation in product config",
6bfaa051-dc10-4891-baaa-4c87af299069,realtime-sdk/pages/latest/guides/voice/weather-phone-with-signalwire-realtime-api.mdx,/realtime-sdk/guides/make-and-receive-calls,/sdks/realtime-sdk/guides/voice/weather-phone,redirect,slug_changed,deleted,fern/products/realtime-sdk/pages/latest/guides/voice/weather-phone-with-signalwire-realtime-api.mdx,fern/products/realtime-sdk/pages/latest/guides/voice/weather-phone-with-signalwire-realtime-api.mdx,678974439a5a,2026-02-16 20:03:05 +0000,add `id` UUIDs to every page's frontmatter,8e4531598cf2,2026-02-23 15:59:24 -0500,"Delete more docs, use folder navigation in product config",
3d0dd299-58b4-49b8-aeba-cf7c14fb2208,realtime-sdk/pages/latest/tech-ref/messaging/messaging-client.mdx,/realtime-sdk/reference/messaging/client,/sdks/realtime-sdk/messaging/client,redirect,slug_changed,deleted,fern/products/realtime-sdk/pages/latest/tech-ref/messaging/messaging-client.mdx,fern/products/realtime-sdk/pages/latest/tech-ref/messaging/messaging-client.mdx,678974439a5a,2026-02-16 20:03:05 +0000,add `id` UUIDs to every page's frontmatter,8e4531598cf2,2026-02-23 15:59:24 -0500,"Delete more docs, use folder navigation in product config",
4afffe2e-03ea-4be0-8f63-1c0ce4ada850,realtime-sdk/pages/latest/tech-ref/pubsub/pubsub-client.mdx,/realtime-sdk/reference/pubsub/client,/sdks/realtime-sdk/pubsub/client,redirect,slug_changed,deleted,fern/products/realtime-sdk/pages/latest/tech-ref/pubsub/pubsub-client.mdx,fern/products/realtime-sdk/pages/latest/tech-ref/pubsub/pubsub-client.mdx,678974439a5a,2026-02-16 20:03:05 +0000,add `id` UUIDs to every page's frontmatter,8e4531598cf2,2026-02-23 15:59:24 -0500,"Delete more docs, use folder navigation in product config",
82881eb5-8d20-4240-a4ea-6b43f97534f8,realtime-sdk/pages/latest/tech-ref/task/task-client.mdx,/realtime-sdk/reference/task/client,/sdks/realtime-sdk/task/client,redirect,slug_changed,deleted,fern/products/realtime-sdk/pages/latest/tech-ref/task/task-client.mdx,fern/products/realtime-sdk/pages/latest/tech-ref/task/task-client.mdx,678974439a5a,2026-02-16 20:03:05 +0000,add `id` UUIDs to every page's frontmatter,8e4531598cf2,2026-02-23 15:59:24 -0500,"Delete more docs, use folder navigation in product config",
c0e88962-6e8d-4608-a09e-311ae2bc6f8f,realtime-sdk/pages/v2/guides/index.mdx,/realtime-sdk/v2/guides,/sdks/realtime-sdk/v2/guides,redirect,matched_changed,deleted,fern/products/realtime-sdk/pages/v2/guides/index.mdx,fern/products/realtime-sdk/pages/v2/guides/index.mdx,678974439a5a,2026-02-16 20:03:05 +0000,add `id` UUIDs to every page's frontmatter,7ce1aab650af,2026-02-23 23:23:14 +0545,remove old guides,
e39988a0-9bb4-472b-804f-a43959fa94ed,realtime-sdk/pages/v2/guides/voice/stop-robocalls-with-signalwires-communication-api.mdx,/v2/guides/v2-vs-v3,/sdks/realtime-sdk/v2/guides/voice/stop-robocalls,redirect,slug_changed,deleted,fern/products/realtime-sdk/pages/v2/guides/voice/stop-robocalls-with-signalwires-communication-api.mdx,fern/products/realtime-sdk/pages/v2/guides/voice/stop-robocalls-with-signalwires-communication-api.mdx,678974439a5a,2026-02-16 20:03:05 +0000,add `id` UUIDs to every page's frontmatter,7ce1aab650af,2026-02-23 23:23:14 +0545,remove old guides,
b031f15a-d6f2-4255-b459-598573d898d1,realtime-sdk/pages/v3/tech-ref/chat/chat-client.mdx,/realtime-sdk/v3/reference/chat/client,/sdks/realtime-sdk/v3/chat/client,redirect,slug_changed,deleted,fern/products/realtime-sdk/pages/v3/tech-ref/chat/chat-client.mdx,fern/products/realtime-sdk/pages/v3/tech-ref/chat/chat-client.mdx,678974439a5a,2026-02-16 20:03:05 +0000,add `id` UUIDs to every page's frontmatter,8e4531598cf2,2026-02-23 15:59:24 -0500,"Delete more docs, use folder navigation in product config",
1207f582-ef0d-4c71-8ae3-752f2fc540af,realtime-sdk/pages/v3/guides/index.mdx,/realtime-sdk/v3/guides,/sdks/realtime-sdk/v3/guides,redirect,matched_changed,deleted,fern/products/realtime-sdk/pages/v3/guides/index.mdx,fern/products/realtime-sdk/pages/v3/guides/index.mdx,678974439a5a,2026-02-16 20:03:05 +0000,add `id` UUIDs to every page's frontmatter,7ce1aab650af,2026-02-23 23:23:14 +0545,remove old guides,
8c092675-74d7-41cb-8a8f-439ac3500625,realtime-sdk/pages/v3/guides/messaging/first-steps-with-messaging.mdx,/realtime-sdk/v3/guides/messaging/first-steps-with-messaging,/sdks/realtime-sdk/v3/guides/messaging/first-steps-with-messaging,redirect,matched_changed,deleted,fern/products/realtime-sdk/pages/v3/guides/messaging/first-steps-with-messaging.mdx,fern/products/realtime-sdk/pages/v3/guides/messaging/first-steps-with-messaging.mdx,678974439a5a,2026-02-16 20:03:05 +0000,add `id` UUIDs to every page's frontmatter,7ce1aab650af,2026-02-23 23:23:14 +0545,remove old guides,
15f7f61e-50c9-47bc-983a-ff9c64f6eca8,realtime-sdk/pages/v3/guides/voice/setting-up-voicemail.mdx,/realtime-sdk/guides/make-and-receive-calls,/sdks/realtime-sdk/v3/guides/voice/setting-up-voicemail,redirect,matched_changed,deleted,fern/products/realtime-sdk/pages/v3/guides/voice/setting-up-voicemail.mdx,fern/products/realtime-sdk/pages/v3/guides/voice/setting-up-voicemail.mdx,678974439a5a,2026-02-16 20:03:05 +0000,add `id` UUIDs to every page's frontmatter,7ce1aab650af,2026-02-23 23:23:14 +0545,remove old guides,
0f3dee1a-ff76-408f-a0e9-fd51dedb1ecb,realtime-sdk/pages/v3/guides/voice/weather-phone-with-signalwire-realtime-api.mdx,/realtime-sdk/v3/guides/voice/weather-phone-with-signalwire-realtime-api,/sdks/realtime-sdk/v3/guides/voice/weather-phone,redirect,slug_changed,deleted,fern/products/realtime-sdk/pages/v3/guides/voice/weather-phone-with-signalwire-realtime-api.mdx,fern/products/realtime-sdk/pages/v3/guides/voice/weather-phone-with-signalwire-realtime-api.mdx,678974439a5a,2026-02-16 20:03:05 +0000,add `id` UUIDs to every page's frontmatter,7ce1aab650af,2026-02-23 23:23:14 +0545,remove old guides,
d5422e3a-1af9-4c0c-8721-d53c3cdcadec,realtime-sdk/pages/v3/tech-ref/messaging/messaging-client.mdx,/realtime-sdk/v3/reference/messaging/client,/sdks/realtime-sdk/v3/messaging/client,redirect,slug_changed,deleted,fern/products/realtime-sdk/pages/v3/tech-ref/messaging/messaging-client.mdx,fern/products/realtime-sdk/pages/v3/tech-ref/messaging/messaging-client.mdx,678974439a5a,2026-02-16 20:03:05 +0000,add `id` UUIDs to every page's frontmatter,8e4531598cf2,2026-02-23 15:59:24 -0500,"Delete more docs, use folder navigation in product config",
ec58511d-a072-4943-8bbe-e969ee2ec521,realtime-sdk/pages/v3/tech-ref/pubsub/pubsub-client.mdx,/realtime-sdk/v3/reference/pubsub/client,/sdks/realtime-sdk/v3/pubsub/client,redirect,slug_changed,deleted,fern/products/realtime-sdk/pages/v3/tech-ref/pubsub/pubsub-client.mdx,fern/products/realtime-sdk/pages/v3/tech-ref/pubsub/pubsub-client.mdx,678974439a5a,2026-02-16 20:03:05 +0000,add `id` UUIDs to every page's frontmatter,8e4531598cf2,2026-02-23 15:59:24 -0500,"Delete more docs, use folder navigation in product config",
fe5d9bd4-5725-4c9b-96fd-29c12eb6b52b,realtime-sdk/pages/v3/tech-ref/task/task-client.mdx,/realtime-sdk/v3/reference/task/client,/sdks/realtime-sdk/v3/task/client,redirect,slug_changed,deleted,fern/products/realtime-sdk/pages/v3/tech-ref/task/task-client.mdx,fern/products/realtime-sdk/pages/v3/tech-ref/task/task-client.mdx,678974439a5a,2026-02-16 20:03:05 +0000,add `id` UUIDs to every page's frontmatter,8e4531598cf2,2026-02-23 15:59:24 -0500,"Delete more docs, use folder navigation in product config",
715d96b0-ad81-43f7-b52e-148842d0a573,realtime-sdk/pages/v3/tech-ref/video/video-roomsession.mdx,/realtime-sdk/v3/reference/video/room-session,/sdks/realtime-sdk/v3/video/room-session,redirect,slug_changed,deleted,fern/products/realtime-sdk/pages/v3/tech-ref/video/video-roomsession.mdx,fern/products/realtime-sdk/pages/v3/tech-ref/video/video-roomsession.mdx,678974439a5a,2026-02-16 20:03:05 +0000,add `id` UUIDs to every page's frontmatter,8e4531598cf2,2026-02-23 15:59:24 -0500,"Delete more docs, use folder navigation in product config",
e56f3fd0-820f-4846-943b-0f8bb0c71aa5,realtime-sdk/pages/v3/tech-ref/voice/voice-call.mdx,/realtime-sdk/v3/reference/voice/call,/sdks/realtime-sdk/v3/voice/call,redirect,slug_changed,deleted,fern/products/realtime-sdk/pages/v3/tech-ref/voice/voice-call.mdx,fern/products/realtime-sdk/pages/v3/tech-ref/voice/voice-call.mdx,678974439a5a,2026-02-16 20:03:05 +0000,add `id` UUIDs to every page's frontmatter,8e4531598cf2,2026-02-23 15:59:24 -0500,"Delete more docs, use folder navigation in product config",
89d75ebc-bf42-4347-9424-cb35c809837e,realtime-sdk/pages/v3/tech-ref/voice/voice-client.mdx,/realtime-sdk/v3/reference/voice/client,/sdks/realtime-sdk/v3/voice/client,redirect,slug_changed,deleted,fern/products/realtime-sdk/pages/v3/tech-ref/voice/voice-client.mdx,fern/products/realtime-sdk/pages/v3/tech-ref/voice/voice-client.mdx,678974439a5a,2026-02-16 20:03:05 +0000,add `id` UUIDs to every page's frontmatter,8e4531598cf2,2026-02-23 15:59:24 -0500,"Delete more docs, use folder navigation in product config",
51cfc422-e15b-4ed1-bf17-bd6ee39a154f,realtime-sdk/pages/latest/tech-ref/video/video-roomsession.mdx,/realtime-sdk/reference/video/room-session,/sdks/realtime-sdk/video/roomsession,redirect,slug_changed,deleted,fern/products/realtime-sdk/pages/latest/tech-ref/video/video-roomsession.mdx,fern/products/realtime-sdk/pages/latest/tech-ref/video/video-roomsession.mdx,678974439a5a,2026-02-16 20:03:05 +0000,add `id` UUIDs to every page's frontmatter,8e4531598cf2,2026-02-23 15:59:24 -0500,"Delete more docs, use folder navigation in product config",
452c6918-8346-437d-837c-e171138aca5b,realtime-sdk/pages/latest/tech-ref/voice/voice-call.mdx,/realtime-sdk/reference/voice/call,/sdks/realtime-sdk/voice/call,redirect,slug_changed,deleted,fern/products/realtime-sdk/pages/latest/tech-ref/voice/voice-call.mdx,fern/products/realtime-sdk/pages/latest/tech-ref/voice/voice-call.mdx,678974439a5a,2026-02-16 20:03:05 +0000,add `id` UUIDs to every page's frontmatter,8e4531598cf2,2026-02-23 15:59:24 -0500,"Delete more docs, use folder navigation in product config",
30eb8900-82d6-41a6-8617-ce82c83c4433,realtime-sdk/pages/latest/tech-ref/voice/voice-client.mdx,/realtime-sdk/reference/voice/client,/sdks/realtime-sdk/voice/client,redirect,slug_changed,deleted,fern/products/realtime-sdk/pages/latest/tech-ref/voice/voice-client.mdx,fern/products/realtime-sdk/pages/latest/tech-ref/voice/voice-client.mdx,678974439a5a,2026-02-16 20:03:05 +0000,add `id` UUIDs to every page's frontmatter,8e4531598cf2,2026-02-23 15:59:24 -0500,"Delete more docs, use folder navigation in product config",
2639ef39-4ed1-4c9e-91a0-4adf84f2d641,swml/pages/reference/methods/ai/ai_hints.mdx,/swml/methods/ai,/swml/methods/ai/hints,redirect,matched_changed,deleted,fern/products/swml/pages/reference/methods/ai/ai_hints.mdx,fern/products/swml/pages/reference/methods/ai/ai_hints.mdx,678974439a5a,2026-02-16 20:03:05 +0000,add `id` UUIDs to every page's frontmatter,8fc7d20c2e3d,2026-02-21 01:21:04 -0500,Consolidate SWML docs,
ad31b38b-6792-4edc-bf32-8cbefb70e88d,swml/pages/reference/methods/ai/ai_post_prompt.mdx,/swml/methods/ai,/swml/methods/ai/post_prompt,redirect,matched_changed,deleted,fern/products/swml/pages/reference/methods/ai/ai_post_prompt.mdx,fern/products/swml/pages/reference/methods/ai/ai_post_prompt.mdx,678974439a5a,2026-02-16 20:03:05 +0000,add `id` UUIDs to every page's frontmatter,8fc7d20c2e3d,2026-02-21 01:21:04 -0500,Consolidate SWML docs,
7fe3bfdd-8e1c-4ca3-8220-88be09339480,swml/pages/reference/methods/ai/ai_post_prompt_url.mdx,/swml/methods/ai,/swml/methods/ai/post_prompt_url,redirect,matched_changed,deleted,fern/products/swml/pages/reference/methods/ai/ai_post_prompt_url.mdx,fern/products/swml/pages/reference/methods/ai/ai_post_prompt_url.mdx,678974439a5a,2026-02-16 20:03:05 +0000,add `id` UUIDs to every page's frontmatter,8fc7d20c2e3d,2026-02-21 01:21:04 -0500,Consolidate SWML docs,
881f166c-7508-4d3e-a07f-39367227d698,swml/pages/reference/methods/ai/prompt/contexts/index.mdx,/swml/methods/ai/prompt,/swml/methods/ai/prompt/contexts,redirect,matched_changed,deleted,fern/products/swml/pages/reference/methods/ai/prompt/contexts/index.mdx,fern/products/swml/pages/reference/methods/ai/prompt/contexts/index.mdx,678974439a5a,2026-02-16 20:03:05 +0000,add `id` UUIDs to every page's frontmatter,8fc7d20c2e3d,2026-02-21 01:21:04 -0500,Consolidate SWML docs,
24d47988-c2d4-48b7-9575-1638ba27657f,swml/pages/reference/methods/ai/prompt/contexts/steps/index.mdx,/swml/methods/ai/prompt,/swml/methods/ai/prompt/contexts/steps,redirect,matched_changed,deleted,fern/products/swml/pages/reference/methods/ai/prompt/contexts/steps/index.mdx,fern/products/swml/pages/reference/methods/ai/prompt/contexts/steps/index.mdx,678974439a5a,2026-02-16 20:03:05 +0000,add `id` UUIDs to every page's frontmatter,8fc7d20c2e3d,2026-02-21 01:21:04 -0500,Consolidate SWML docs,
a5741141-1b05-41be-802f-04aea9b57cd1,swml/pages/reference/methods/ai/prompt/pom/index.mdx,/swml/methods/ai/prompt,/swml/methods/ai/prompt/pom,redirect,matched_changed,deleted,fern/products/swml/pages/reference/methods/ai/prompt/pom/index.mdx,fern/products/swml/pages/reference/methods/ai/prompt/pom/index.mdx,678974439a5a,2026-02-16 20:03:05 +0000,add `id` UUIDs to every page's frontmatter,8fc7d20c2e3d,2026-02-21 01:21:04 -0500,Consolidate SWML docs,
2b1cd75e-b713-4bab-a87c-dd69e3cb6590,swml/pages/reference/methods/ai/ai_pronounce.mdx,/swml/methods/ai,/swml/methods/ai/pronounce,redirect,matched_changed,deleted,fern/products/swml/pages/reference/methods/ai/ai_pronounce.mdx,fern/products/swml/pages/reference/methods/ai/ai_pronounce.mdx,678974439a5a,2026-02-16 20:03:05 +0000,add `id` UUIDs to every page's frontmatter,8fc7d20c2e3d,2026-02-21 01:21:04 -0500,Consolidate SWML docs,
76b9f8b0-1697-4bd4-bf0c-a7405c64c298,swml/pages/reference/methods/ai/ai_swaig/defaults/index.mdx,/swml/methods/ai/swaig,/swml/methods/ai/swaig/defaults,redirect,matched_changed,deleted,fern/products/swml/pages/reference/methods/ai/ai_swaig/defaults/index.mdx,fern/products/swml/pages/reference/methods/ai/ai_swaig/defaults/index.mdx,678974439a5a,2026-02-16 20:03:05 +0000,add `id` UUIDs to every page's frontmatter,8fc7d20c2e3d,2026-02-21 01:21:04 -0500,Consolidate SWML docs,
18ba4805-ba99-4e38-afe6-121f63ad92d3,swml/pages/reference/methods/ai/ai_swaig/functions/ai_swaig.data_map/data_map.expressions.mdx,/swml/methods/ai/swaig/functions/data_map,/swml/methods/ai/swaig/functions/data_map/expressions,redirect,matched_changed,deleted,fern/products/swml/pages/reference/methods/ai/ai_swaig/functions/ai_swaig.data_map/data_map.expressions.mdx,fern/products/swml/pages/reference/methods/ai/ai_swaig/functions/ai_swaig.data_map/data_map.expressions.mdx,678974439a5a,2026-02-16 20:03:05 +0000,add `id` UUIDs to every page's frontmatter,e4b7f9e3c846,2026-02-21 01:21:01 -0500,Consolidate SWML docs,
bc02fa51-38b6-4afb-9a01-07a7897e456e,swml/pages/reference/methods/ai/ai_swaig/functions/ai_swaig.data_map/data_map.output.mdx,/swml/methods/ai/swaig/functions/data_map,/swml/methods/ai/swaig/functions/data_map/output,redirect,matched_changed,deleted,fern/products/swml/pages/reference/methods/ai/ai_swaig/functions/ai_swaig.data_map/data_map.output.mdx,fern/products/swml/pages/reference/methods/ai/ai_swaig/functions/ai_swaig.data_map/data_map.output.mdx,678974439a5a,2026-02-16 20:03:05 +0000,add `id` UUIDs to every page's frontmatter,e4b7f9e3c846,2026-02-21 01:21:01 -0500,Consolidate SWML docs,
7cba7c98-cfe1-49da-8bc5-4f06a58da97a,swml/pages/reference/methods/ai/ai_swaig/functions/ai_swaig.data_map/data_map.webhooks/index.mdx,/swml/methods/ai/swaig/functions/data_map,/swml/methods/ai/swaig/functions/data_map/webhooks,redirect,matched_changed,deleted,fern/products/swml/pages/reference/methods/ai/ai_swaig/functions/ai_swaig.data_map/data_map.webhooks/index.mdx,fern/products/swml/pages/reference/methods/ai/ai_swaig/functions/ai_swaig.data_map/data_map.webhooks/index.mdx,678974439a5a,2026-02-16 20:03:05 +0000,add `id` UUIDs to every page's frontmatter,e4b7f9e3c846,2026-02-21 01:21:01 -0500,Consolidate SWML docs,
72f0d137-171e-4eaf-bbd1-b45d0c715b8a,swml/pages/reference/methods/ai/ai_swaig/functions/ai_swaig.data_map/data_map.webhooks/foreach.mdx,/swml/methods/ai/swaig/functions/data_map,/swml/methods/ai/swaig/functions/data_map/webhooks/foreach,redirect,matched_changed,deleted,fern/products/swml/pages/reference/methods/ai/ai_swaig/functions/ai_swaig.data_map/data_map.webhooks/foreach.mdx,fern/products/swml/pages/reference/methods/ai/ai_swaig/functions/ai_swaig.data_map/data_map.webhooks/foreach.mdx,678974439a5a,2026-02-16 20:03:05 +0000,add `id` UUIDs to every page's frontmatter,8fc7d20c2e3d,2026-02-21 01:21:04 -0500,Consolidate SWML docs,
b93d968d-6111-4d56-8829-0053fc0f5f75,swml/pages/reference/methods/ai/ai_swaig/functions/fillers.mdx,/swml/methods/ai/swaig/functions,/swml/methods/ai/swaig/functions/fillers,redirect,matched_changed,deleted,fern/products/swml/pages/reference/methods/ai/ai_swaig/functions/fillers.mdx,fern/products/swml/pages/reference/methods/ai/ai_swaig/functions/fillers.mdx,678974439a5a,2026-02-16 20:03:05 +0000,add `id` UUIDs to every page's frontmatter,e4b7f9e3c846,2026-02-21 01:21:01 -0500,Consolidate SWML docs,
7300f450-638f-4ff3-ae8f-c2eee0be4fb8,swml/pages/reference/methods/ai/ai_swaig/functions/functions.web_hook_url.mdx,/swml/methods/ai/swaig/functions,/swml/methods/ai/swaig/functions/web_hook_url,redirect,matched_changed,deleted,fern/products/swml/pages/reference/methods/ai/ai_swaig/functions/functions.web_hook_url.mdx,fern/products/swml/pages/reference/methods/ai/ai_swaig/functions/functions.web_hook_url.mdx,678974439a5a,2026-02-16 20:03:05 +0000,add `id` UUIDs to every page's frontmatter,8fc7d20c2e3d,2026-02-21 01:21:04 -0500,Consolidate SWML docs,
c277b5d4-54ae-41bc-a42b-f96f8f112fe6,swml/pages/reference/methods/ai/ai_swaig/internal_fillers/index.mdx,/swml/methods/ai/swaig,/swml/methods/ai/swaig/internal_fillers,redirect,matched_changed,deleted,fern/products/swml/pages/reference/methods/ai/ai_swaig/internal_fillers/index.mdx,fern/products/swml/pages/reference/methods/ai/ai_swaig/internal_fillers/index.mdx,678974439a5a,2026-02-16 20:03:05 +0000,add `id` UUIDs to every page's frontmatter,e4b7f9e3c846,2026-02-21 01:21:01 -0500,Consolidate SWML docs,
dc800557-ed0e-4c1e-a4c6-7fd37360a26e,swml/pages/reference/methods/ai/ai_swaig/native_functions/index.mdx,/swml/methods/ai/swaig,/swml/methods/ai/swaig/native_functions,redirect,matched_changed,deleted,fern/products/swml/pages/reference/methods/ai/ai_swaig/native_functions/index.mdx,fern/products/swml/pages/reference/methods/ai/ai_swaig/native_functions/index.mdx,678974439a5a,2026-02-16 20:03:05 +0000,add `id` UUIDs to every page's frontmatter,8fc7d20c2e3d,2026-02-21 01:21:04 -0500,Consolidate SWML docs,
af3345b1-d5e9-4165-9ec4-d183ffe1087d,swml/pages/reference/methods/bedrock/post_prompt.mdx,/swml/methods/ai,/swml/methods/ai/post_prompt,redirect,matched_changed,deleted,fern/products/swml/pages/reference/methods/bedrock/post_prompt.mdx,fern/products/swml/pages/reference/methods/bedrock/post_prompt.mdx,678974439a5a,2026-02-16 20:03:05 +0000,add `id` UUIDs to every page's frontmatter,8fc7d20c2e3d,2026-02-21 01:21:04 -0500,Consolidate SWML docs,
b217521a-4800-4cf0-91d4-77b7343b079a,swml/pages/reference/methods/bedrock/post_prompt_url.mdx,/swml/methods/ai,/swml/methods/ai/post_prompt_url,redirect,matched_changed,deleted,fern/products/swml/pages/reference/methods/bedrock/post_prompt_url.mdx,fern/products/swml/pages/reference/methods/bedrock/post_prompt_url.mdx,678974439a5a,2026-02-16 20:03:05 +0000,add `id` UUIDs to every page's frontmatter,8fc7d20c2e3d,2026-02-21 01:21:04 -0500,Consolidate SWML docs,
ea41c7d0-3762-4208-9098-1729f1d858d3,swml/pages/reference/methods/bedrock/prompt/pom/index.mdx,/swml/methods/amazon_bedrock/prompt,/swml/methods/amazon_bedrock/prompt/pom,redirect,matched_changed,deleted,fern/products/swml/pages/reference/methods/bedrock/prompt/pom/index.mdx,fern/products/swml/pages/reference/methods/bedrock/prompt/pom/index.mdx,678974439a5a,2026-02-16 20:03:05 +0000,add `id` UUIDs to every page's frontmatter,8fc7d20c2e3d,2026-02-21 01:21:04 -0500,Consolidate SWML docs,
d7f2257b-39c0-4d56-a8c4-71de03d92e52,swml/pages/reference/methods/bedrock/swaig/defaults/index.mdx,/swml/methods/amazon_bedrock/swaig,/swml/methods/amazon_bedrock/swaig/defaults,redirect,matched_changed,deleted,fern/products/swml/pages/reference/methods/bedrock/swaig/defaults/index.mdx,fern/products/swml/pages/reference/methods/bedrock/swaig/defaults/index.mdx,678974439a5a,2026-02-16 20:03:05 +0000,add `id` UUIDs to every page's frontmatter,8fc7d20c2e3d,2026-02-21 01:21:04 -0500,Consolidate SWML docs,
71543ace-c1db-470b-b859-4fb257613c44,swml/pages/reference/methods/bedrock/swaig/functions/ai_swaig.data_map/data_map.expressions.mdx,/swml/methods/amazon_bedrock/swaig/functions/data_map,/swml/methods/amazon_bedrock/swaig/functions/data_map/expressions,redirect,matched_changed,deleted,fern/products/swml/pages/reference/methods/bedrock/swaig/functions/ai_swaig.data_map/data_map.expressions.mdx,fern/products/swml/pages/reference/methods/bedrock/swaig/functions/ai_swaig.data_map/data_map.expressions.mdx,678974439a5a,2026-02-16 20:03:05 +0000,add `id` UUIDs to every page's frontmatter,e4b7f9e3c846,2026-02-21 01:21:01 -0500,Consolidate SWML docs,
8c148415-b74b-4571-8f8e-70bc4ecaaaad,swml/pages/reference/methods/bedrock/swaig/functions/ai_swaig.data_map/data_map.output.mdx,/swml/methods/amazon_bedrock/swaig/functions/data_map,/swml/methods/amazon_bedrock/swaig/functions/data_map/output,redirect,matched_changed,deleted,fern/products/swml/pages/reference/methods/bedrock/swaig/functions/ai_swaig.data_map/data_map.output.mdx,fern/products/swml/pages/reference/methods/bedrock/swaig/functions/ai_swaig.data_map/data_map.output.mdx,678974439a5a,2026-02-16 20:03:05 +0000,add `id` UUIDs to every page's frontmatter,e4b7f9e3c846,2026-02-21 01:21:01 -0500,Consolidate SWML docs,
8679c51e-dc31-4f5a-88ce-7fea6d4abd8a,swml/pages/reference/methods/bedrock/swaig/functions/ai_swaig.data_map/data_map.webhooks/index.mdx,/swml/methods/amazon_bedrock/swaig/functions/data_map,/swml/methods/amazon_bedrock/swaig/functions/data_map/webhooks,redirect,matched_changed,deleted,fern/products/swml/pages/reference/methods/bedrock/swaig/functions/ai_swaig.data_map/data_map.webhooks/index.mdx,fern/products/swml/pages/reference/methods/bedrock/swaig/functions/ai_swaig.data_map/data_map.webhooks/index.mdx,678974439a5a,2026-02-16 20:03:05 +0000,add `id` UUIDs to every page's frontmatter,e4b7f9e3c846,2026-02-21 01:21:01 -0500,Consolidate SWML docs,
2462ef40-61cc-4e2a-818f-99ab1e349cfc,swml/pages/reference/methods/bedrock/swaig/functions/ai_swaig.data_map/data_map.webhooks/foreach.mdx,/swml/methods/amazon_bedrock/swaig/functions/data_map,/swml/methods/amazon_bedrock/swaig/functions/data_map/webhooks/foreach,redirect,matched_changed,deleted,fern/products/swml/pages/reference/methods/bedrock/swaig/functions/ai_swaig.data_map/data_map.webhooks/foreach.mdx,fern/products/swml/pages/reference/methods/bedrock/swaig/functions/ai_swaig.data_map/data_map.webhooks/foreach.mdx,678974439a5a,2026-02-16 20:03:05 +0000,add `id` UUIDs to every page's frontmatter,8fc7d20c2e3d,2026-02-21 01:21:04 -0500,Consolidate SWML docs,
f8723867-ff39-47f4-bf6f-04bb1547b8fb,swml/pages/reference/methods/bedrock/swaig/functions/functions.web_hook_url.mdx,/swml/methods/amazon_bedrock/swaig/functions,/swml/methods/amazon_bedrock/swaig/functions/web_hook_url,redirect,matched_changed,deleted,fern/products/swml/pages/reference/methods/bedrock/swaig/functions/functions.web_hook_url.mdx,fern/products/swml/pages/reference/methods/bedrock/swaig/functions/functions.web_hook_url.mdx,678974439a5a,2026-02-16 20:03:05 +0000,add `id` UUIDs to every page's frontmatter,8fc7d20c2e3d,2026-02-21 01:21:04 -0500,Consolidate SWML docs,
5bc05f47-3290-41b1-890b-70e0c70c9821,swml/pages/reference/methods/bedrock/swaig/native_functions/index.mdx,/swml/methods/amazon_bedrock/swaig,/swml/methods/amazon_bedrock/swaig/native_functions,redirect,matched_changed,deleted,fern/products/swml/pages/reference/methods/bedrock/swaig/native_functions/index.mdx,fern/products/swml/pages/reference/methods/bedrock/swaig/native_functions/index.mdx,678974439a5a,2026-02-16 20:03:05 +0000,add `id` UUIDs to every page's frontmatter,8fc7d20c2e3d,2026-02-21 01:21:04 -0500,Consolidate SWML docs,
5f3ead64-389f-44db-ad6d-1e8015c989b5,swml/pages/reference/methods/connect/headers.mdx,/swml/methods/connect,/swml/methods/connect/headers,redirect,matched_changed,deleted,fern/products/swml/pages/reference/methods/connect/headers.mdx,fern/products/swml/pages/reference/methods/connect/headers.mdx,678974439a5a,2026-02-16 20:03:05 +0000,add `id` UUIDs to every page's frontmatter,8fc7d20c2e3d,2026-02-21 01:21:04 -0500,Consolidate SWML docs,
9b4ec7e1-66ce-46cc-ab0a-840b3f7b70c3,swml/pages/reference/methods/live_transcribe/action/index.mdx,/swml/methods/live_transcribe,/swml/methods/live_transcribe/action,redirect,matched_changed,deleted,fern/products/swml/pages/reference/methods/live_transcribe/action/index.mdx,fern/products/swml/pages/reference/methods/live_transcribe/action/index.mdx,678974439a5a,2026-02-16 20:03:05 +0000,add `id` UUIDs to every page's frontmatter,8fc7d20c2e3d,2026-02-21 01:21:04 -0500,Consolidate SWML docs,
d492bf1f-ab51-4a53-a6a6-cb6856c43797,swml/pages/reference/methods/live_transcribe/action/start.mdx,/swml/methods/live_transcribe,/swml/methods/live_transcribe/action/start,redirect,matched_changed,deleted,fern/products/swml/pages/reference/methods/live_transcribe/action/start.mdx,fern/products/swml/pages/reference/methods/live_transcribe/action/start.mdx,678974439a5a,2026-02-16 20:03:05 +0000,add `id` UUIDs to every page's frontmatter,8fc7d20c2e3d,2026-02-21 01:21:04 -0500,Consolidate SWML docs,
48e9ce8a-d4f4-48f3-9864-146df86e603f,swml/pages/reference/methods/live_transcribe/action/stop.mdx,/swml/methods/live_transcribe,/swml/methods/live_transcribe/action/stop,redirect,matched_changed,deleted,fern/products/swml/pages/reference/methods/live_transcribe/action/stop.mdx,fern/products/swml/pages/reference/methods/live_transcribe/action/stop.mdx,678974439a5a,2026-02-16 20:03:05 +0000,add `id` UUIDs to every page's frontmatter,8fc7d20c2e3d,2026-02-21 01:21:04 -0500,Consolidate SWML docs,
32a8737a-fd59-4322-bbf3-6db12e831e92,swml/pages/reference/methods/live_transcribe/action/summarize.mdx,/swml/methods/live_transcribe,/swml/methods/live_transcribe/action/summarize,redirect,matched_changed,deleted,fern/products/swml/pages/reference/methods/live_transcribe/action/summarize.mdx,fern/products/swml/pages/reference/methods/live_transcribe/action/summarize.mdx,678974439a5a,2026-02-16 20:03:05 +0000,add `id` UUIDs to every page's frontmatter,8fc7d20c2e3d,2026-02-21 01:21:04 -0500,Consolidate SWML docs,
c2c04805-afab-4a0a-8fba-c698b7506666,swml/pages/reference/methods/live_translate/action/index.mdx,/swml/methods/live_translate,/swml/methods/live_translate/action,redirect,matched_changed,deleted,fern/products/swml/pages/reference/methods/live_translate/action/index.mdx,fern/products/swml/pages/reference/methods/live_translate/action/index.mdx,678974439a5a,2026-02-16 20:03:05 +0000,add `id` UUIDs to every page's frontmatter,8fc7d20c2e3d,2026-02-21 01:21:04 -0500,Consolidate SWML docs,
056a7f0f-1dfe-4a57-8600-2e77ad3e5cbe,swml/pages/reference/methods/live_translate/action/inject.mdx,/swml/methods/live_translate,/swml/methods/live_translate/action/inject,redirect,matched_changed,deleted,fern/products/swml/pages/reference/methods/live_translate/action/inject.mdx,fern/products/swml/pages/reference/methods/live_translate/action/inject.mdx,678974439a5a,2026-02-16 20:03:05 +0000,add `id` UUIDs to every page's frontmatter,8fc7d20c2e3d,2026-02-21 01:21:04 -0500,Consolidate SWML docs,
1d6679fe-add6-4da2-948e-585de8206dff,swml/pages/reference/methods/live_translate/action/start.mdx,/swml/methods/live_translate,/swml/methods/live_translate/action/start,redirect,matched_changed,deleted,fern/products/swml/pages/reference/methods/live_translate/action/start.mdx,fern/products/swml/pages/reference/methods/live_translate/action/start.mdx,678974439a5a,2026-02-16 20:03:05 +0000,add `id` UUIDs to every page's frontmatter,8fc7d20c2e3d,2026-02-21 01:21:04 -0500,Consolidate SWML docs,
8588dc60-70f2-491e-9d7c-f1ba2bd5c91d,swml/pages/reference/methods/live_translate/action/stop.mdx,/swml/methods/live_translate,/swml/methods/live_translate/action/stop,redirect,matched_changed,deleted,fern/products/swml/pages/reference/methods/live_translate/action/stop.mdx,fern/products/swml/pages/reference/methods/live_translate/action/stop.mdx,678974439a5a,2026-02-16 20:03:05 +0000,add `id` UUIDs to every page's frontmatter,8fc7d20c2e3d,2026-02-21 01:21:04 -0500,Consolidate SWML docs,
c7267ca6-d8ff-4b06-872d-24ce184b18f4,swml/pages/reference/methods/live_translate/action/summarize.mdx,/swml/methods/live_translate,/swml/methods/live_translate/action/summarize,redirect,matched_changed,deleted,fern/products/swml/pages/reference/methods/live_translate/action/summarize.mdx,fern/products/swml/pages/reference/methods/live_translate/action/summarize.mdx,678974439a5a,2026-02-16 20:03:05 +0000,add `id` UUIDs to every page's frontmatter,8fc7d20c2e3d,2026-02-21 01:21:04 -0500,Consolidate SWML docs,
dad97e03-453a-4748-9c63-d277ebd3d27a,swml/pages/reference/methods/pay/parameters/index.mdx,/swml/methods/pay,/swml/methods/pay/parameters,redirect,matched_changed,deleted,fern/products/swml/pages/reference/methods/pay/parameters/index.mdx,fern/products/swml/pages/reference/methods/pay/parameters/index.mdx,678974439a5a,2026-02-16 20:03:05 +0000,add `id` UUIDs to every page's frontmatter,8fc7d20c2e3d,2026-02-21 01:21:04 -0500,Consolidate SWML docs,
af3aa918-2f1a-4d15-8ac1-927e10c5b537,swml/pages/reference/methods/pay/payment_connector_url.mdx,/swml/methods/pay,/swml/methods/pay/payment_connector_url,redirect,matched_changed,deleted,fern/products/swml/pages/reference/methods/pay/payment_connector_url.mdx,fern/products/swml/pages/reference/methods/pay/payment_connector_url.mdx,678974439a5a,2026-02-16 20:03:05 +0000,add `id` UUIDs to every page's frontmatter,8fc7d20c2e3d,2026-02-21 01:21:04 -0500,Consolidate SWML docs,
a427ccd7-5ec8-4224-8c1d-fc95cc93174b,swml/pages/reference/methods/pay/prompts/index.mdx,/swml/methods/pay,/swml/methods/pay/prompts,redirect,matched_changed,deleted,fern/products/swml/pages/reference/methods/pay/prompts/index.mdx,fern/products/swml/pages/reference/methods/pay/prompts/index.mdx,678974439a5a,2026-02-16 20:03:05 +0000,add `id` UUIDs to every page's frontmatter,8fc7d20c2e3d,2026-02-21 01:21:04 -0500,Consolidate SWML docs,
1b744f8f-f083-4a8a-94e2-59532ec0d307,swml/pages/reference/methods/pay/prompts/actions/index.mdx,/swml/methods/pay,/swml/methods/pay/prompts/actions,redirect,matched_changed,deleted,fern/products/swml/pages/reference/methods/pay/prompts/actions/index.mdx,fern/products/swml/pages/reference/methods/pay/prompts/actions/index.mdx,678974439a5a,2026-02-16 20:03:05 +0000,add `id` UUIDs to every page's frontmatter,8fc7d20c2e3d,2026-02-21 01:21:04 -0500,Consolidate SWML docs,
2f704bee-56b8-412f-9d67-1bf4e4c29837,,/swml/methods/ai/params,/swml/methods/ai/params/hold-music,gone,known_deleted,never_existed,,,,,,,,,
2f704bee-56b8-412f-9d67-1bf4e4c29838,,/swml/methods/ai/params,/swml/methods/ai/params/interrupt-prompt,gone,known_deleted,never_existed,,,,,,,,,
f4db583d-aef7-49ee-b62d-39f2f4776e11,,/swml/methods/ai/swaig,/swml/methods/amazon-bedrock/swaig/defaults/web-hook-url,gone,known_deleted,never_existed,,,,,,,,,
